-- phpMyAdmin SQL Dump
-- version 4.2.12deb2+deb8u3
-- http://www.phpmyadmin.net
--
-- Host: localhost
-- Generation Time: Nov 15, 2018 at 11:12 PM
-- Server version: 5.5.60-0+deb8u1-log
-- PHP Version: 7.0.32-1~dotdeb+8.1

SET SQL_MODE = "NO_AUTO_VALUE_ON_ZERO";
SET time_zone = "+00:00";


/*!40101 SET @OLD_CHARACTER_SET_CLIENT=@@CHARACTER_SET_CLIENT */;
/*!40101 SET @OLD_CHARACTER_SET_RESULTS=@@CHARACTER_SET_RESULTS */;
/*!40101 SET @OLD_COLLATION_CONNECTION=@@COLLATION_CONNECTION */;
/*!40101 SET NAMES utf8 */;

--
-- Database: `pdr_test`
--
DROP DATABASE `pdr_test`;
CREATE DATABASE IF NOT EXISTS `pdr_test` DEFAULT CHARACTER SET latin1 COLLATE latin1_swedish_ci;
USE `pdr_test`;

-- --------------------------------------------------------

--
-- Table structure for table `absence`
--

DROP TABLE IF EXISTS `absence`;
CREATE TABLE IF NOT EXISTS `absence` (
  `employee_id` tinyint(4) NOT NULL,
  `reason` enum('maternity leave','paid leave of absence','parental leave','remaining holiday','sickness','sickness of child','unpaid leave of absence','vacation') COLLATE latin1_german1_ci NOT NULL,
  `start` date NOT NULL,
  `end` date NOT NULL,
  `days` int(11) NOT NULL,
  `comment` varchar(64) COLLATE latin1_german1_ci DEFAULT NULL,
  `approval` set('approved','not_yet_approved','disapproved','changed_after_approval') CHARACTER SET latin1 NOT NULL DEFAULT 'not_yet_approved',
  `user` varchar(64) CHARACTER SET latin1 NOT NULL,
  `timestamp` timestamp NOT NULL DEFAULT CURRENT_TIMESTAMP ON UPDATE CURRENT_TIMESTAMP
) ENGINE=InnoDB DEFAULT CHARSET=latin1 COLLATE=latin1_german1_ci;

--
-- Truncate table before insert `absence`
--

TRUNCATE TABLE `absence`;
--
-- Dumping data for table `absence`
--

INSERT INTO `absence` (`employee_id`, `reason`, `start`, `end`, `days`, `comment`, `approval`, `user`, `timestamp`) VALUES
(0, 'vacation', '2018-10-22', '2018-10-26', 5, NULL, 'approved', 'Mandelkow', '2018-05-26 21:14:14'),
(1, 'vacation', '2018-10-06', '2018-10-14', 5, NULL, 'approved', 'Mandelkow', '2018-05-26 21:14:14'),
(5, 'vacation', '2018-10-31', '2018-11-03', 2, NULL, 'approved', 'Mandelkow', '2018-05-26 21:14:14'),
(6, 'vacation', '2018-10-29', '2018-10-30', 2, NULL, 'approved', 'Mandelkow', '2018-11-15 05:00:14'),
(8, 'parental leave', '2018-09-09', '2019-07-22', 216, NULL, 'approved', 'Mandelkow', '2018-11-15 05:00:14'),
(9, 'vacation', '2018-10-05', '2018-10-07', 1, NULL, 'not_yet_approved', 'Mandelkow', '2018-11-15 05:00:14'),
(9, 'vacation', '2018-10-19', '2018-10-21', 1, NULL, 'not_yet_approved', 'Mandelkow', '2018-11-15 05:00:14'),
(10, 'vacation', '2018-10-08', '2018-10-14', 5, NULL, 'approved', 'Mandelkow', '2018-05-26 21:14:14'),
(10, 'unpaid leave of absence', '2018-10-22', '2018-10-22', 1, NULL, 'not_yet_approved', 'Mandelkow', '2018-11-15 05:00:14'),
(12, 'vacation', '2018-10-29', '2018-11-03', 4, NULL, 'approved', 'Mandelkow', '2018-05-26 21:14:14'),
(13, 'vacation', '2018-10-03', '2018-10-07', 2, NULL, 'not_yet_approved', 'Mandelkow', '2018-11-15 05:00:14'),
(15, 'vacation', '2018-10-15', '2018-10-19', 5, NULL, 'approved', 'Mandelkow', '2018-05-26 21:14:14'),
(16, 'vacation', '2018-10-01', '2018-10-14', 9, NULL, 'approved', 'Mandelkow', '2018-05-26 21:14:14'),
(17, 'vacation', '2018-10-22', '2018-10-31', 7, NULL, 'approved', 'Mandelkow', '2018-05-26 21:14:14'),
(18, 'sickness of child', '2018-10-16', '2018-10-17', 2, NULL, 'approved', 'Mandelkow', '2018-11-15 05:00:14'),
(19, 'vacation', '2018-10-04', '2018-10-04', 1, NULL, 'not_yet_approved', 'Mandelkow', '2018-11-15 05:00:14');

-- --------------------------------------------------------

--
-- Table structure for table `approval`
--

DROP TABLE IF EXISTS `approval`;
CREATE TABLE IF NOT EXISTS `approval` (
  `date` date NOT NULL,
  `state` set('approved','not_yet_approved','disapproved','changed_after_approval') NOT NULL,
  `branch` int(11) NOT NULL,
  `user` varchar(64) NOT NULL,
  `timestamp` timestamp NOT NULL DEFAULT CURRENT_TIMESTAMP
) ENGINE=InnoDB DEFAULT CHARSET=latin1;

--
-- Truncate table before insert `approval`
--

TRUNCATE TABLE `approval`;
--
-- Dumping data for table `approval`
--

INSERT INTO `approval` (`date`, `state`, `branch`, `user`, `timestamp`) VALUES
('2018-10-01', 'not_yet_approved', 1, 'Mandelkow', '2018-09-11 04:55:26'),
('2018-10-01', 'not_yet_approved', 2, 'Mandelkow', '2018-09-13 04:44:48'),
('2018-10-02', 'not_yet_approved', 1, 'Mandelkow', '2018-09-13 04:34:17'),
('2018-10-02', 'not_yet_approved', 2, 'Mandelkow', '2018-09-13 04:44:53'),
('2018-10-02', 'not_yet_approved', 99, 'Mandelkow', '2018-07-12 07:06:19'),
('2018-10-03', 'not_yet_approved', 2, 'Mandelkow', '2018-09-13 04:44:59'),
('2018-10-04', 'not_yet_approved', 1, 'Mandelkow', '2018-09-12 11:01:30'),
('2018-10-04', 'not_yet_approved', 2, 'Mandelkow', '2018-09-13 04:45:03'),
('2018-10-04', 'not_yet_approved', 99, 'Mandelkow', '2018-07-12 07:06:39'),
('2018-10-05', 'not_yet_approved', 1, 'Mandelkow', '2018-09-13 04:04:42'),
('2018-10-05', 'not_yet_approved', 2, 'Mandelkow', '2018-09-13 04:45:18'),
('2018-10-06', 'not_yet_approved', 1, 'Mandelkow', '2018-07-23 11:02:32'),
('2018-10-06', 'not_yet_approved', 2, 'Mandelkow', '2018-09-14 05:09:49'),
('2018-10-07', 'not_yet_approved', 2, 'Mandelkow', '2018-06-14 04:20:58'),
('2018-10-08', 'not_yet_approved', 1, 'Mandelkow', '2018-09-12 14:30:49'),
('2018-10-08', 'not_yet_approved', 2, 'Mandelkow', '2018-06-14 04:22:12'),
('2018-10-09', 'not_yet_approved', 1, 'Mandelkow', '2018-09-12 14:30:35'),
('2018-10-09', 'not_yet_approved', 2, 'Mandelkow', '2018-09-14 05:09:38'),
('2018-10-10', 'not_yet_approved', 1, 'Mandelkow', '2018-09-12 14:30:07'),
('2018-10-10', 'not_yet_approved', 2, 'Mandelkow', '2018-09-14 05:09:34'),
('2018-10-11', 'not_yet_approved', 1, 'Mandelkow', '2018-09-12 14:26:59'),
('2018-10-11', 'not_yet_approved', 2, 'Mandelkow', '2018-09-14 05:09:32'),
('2018-10-12', 'not_yet_approved', 1, 'Mandelkow', '2018-09-12 14:25:39'),
('2018-10-12', 'not_yet_approved', 2, 'Mandelkow', '2018-09-14 05:09:27'),
('2018-10-13', 'not_yet_approved', 1, 'Mandelkow', '2018-09-12 14:25:19'),
('2018-10-15', 'not_yet_approved', 1, 'Mandelkow', '2018-09-12 14:24:41'),
('2018-10-15', 'not_yet_approved', 2, 'Mandelkow', '2018-09-14 05:07:50'),
('2018-10-16', 'not_yet_approved', 1, 'Mandelkow', '2018-09-12 14:24:38'),
('2018-10-16', 'not_yet_approved', 2, 'Mandelkow', '2018-09-14 05:07:47'),
('2018-10-16', 'not_yet_approved', 99, 'Mandelkow', '2018-09-14 10:24:26'),
('2018-10-17', 'not_yet_approved', 1, 'Mandelkow', '2018-09-12 14:24:35'),
('2018-10-17', 'not_yet_approved', 2, 'Mandelkow', '2018-09-14 05:07:43'),
('2018-10-17', 'not_yet_approved', 99, 'Mandelkow', '2018-09-14 10:28:21'),
('2018-10-18', 'not_yet_approved', 1, 'Mandelkow', '2018-09-12 14:24:27'),
('2018-10-18', 'not_yet_approved', 2, 'Mandelkow', '2018-09-14 05:07:39'),
('2018-10-19', 'not_yet_approved', 1, 'Mandelkow', '2018-09-12 14:24:23'),
('2018-10-19', 'not_yet_approved', 2, 'Mandelkow', '2018-09-14 05:07:36'),
('2018-10-20', 'not_yet_approved', 1, 'Mandelkow', '2018-07-23 11:03:32'),
('2018-10-22', 'not_yet_approved', 1, 'Mandelkow', '2018-09-12 14:24:06'),
('2018-10-22', 'not_yet_approved', 2, 'Mandelkow', '2018-09-14 05:07:22'),
('2018-10-23', 'not_yet_approved', 1, 'Mandelkow', '2018-09-12 14:23:55'),
('2018-10-23', 'not_yet_approved', 2, 'Mandelkow', '2018-09-14 04:55:25'),
('2018-10-24', 'not_yet_approved', 1, 'Mandelkow', '2018-09-12 14:23:52'),
('2018-10-24', 'not_yet_approved', 2, 'Mandelkow', '2018-09-14 04:55:02'),
('2018-10-25', 'not_yet_approved', 1, 'Mandelkow', '2018-09-12 14:23:29'),
('2018-10-25', 'not_yet_approved', 2, 'Mandelkow', '2018-09-14 04:52:23'),
('2018-10-26', 'not_yet_approved', 1, 'Mandelkow', '2018-09-12 14:21:27'),
('2018-10-26', 'not_yet_approved', 2, 'Mandelkow', '2018-09-14 04:47:50'),
('2018-10-26', 'not_yet_approved', 99, 'Mandelkow', '2018-10-11 05:06:19'),
('2018-10-27', 'not_yet_approved', 1, 'Mandelkow', '2018-09-12 14:21:00'),
('2018-10-29', 'not_yet_approved', 1, 'Mandelkow', '2018-09-12 14:19:57'),
('2018-10-29', 'not_yet_approved', 2, 'Mandelkow', '2018-09-14 04:37:45'),
('2018-10-30', 'not_yet_approved', 1, 'Mandelkow', '2018-09-12 14:19:19'),
('2018-10-30', 'not_yet_approved', 2, 'Mandelkow', '2018-09-14 04:37:33'),
('2018-10-30', 'not_yet_approved', 99, 'Mandelkow', '2018-10-09 11:41:33');

-- --------------------------------------------------------

--
-- Table structure for table `branch`
--

DROP TABLE IF EXISTS `branch`;
CREATE TABLE IF NOT EXISTS `branch` (
  `branch_id` tinyint(3) unsigned NOT NULL,
  `name` varchar(64) NOT NULL,
  `short_name` varchar(16) NOT NULL,
  `address` varchar(64) NOT NULL,
  `manager` varchar(64) NOT NULL,
  `PEP` int(11) DEFAULT NULL COMMENT 'Dieser Wert wird vom ASYS PEP-Modul vorgegeben.'
) ENGINE=InnoDB DEFAULT CHARSET=latin1;

--
-- Truncate table before insert `branch`
--

TRUNCATE TABLE `branch`;
--
-- Dumping data for table `branch`
--

INSERT INTO `branch` (`branch_id`, `name`, `short_name`, `address`, `manager`, `PEP`) VALUES
(1, 'Hauptapotheke am großen Platz', 'Hauptapotheke', 'Big City', 'Big Boss', 1),
(2, 'Filialapotheke in der Nebenstraße', 'Filiale', 'Big City', 'Little Boss', 2),
(99, 'Außendienst', 'Außendienst', '', '', NULL);

-- --------------------------------------------------------

--
-- Table structure for table `Dienstplan`
--

DROP TABLE IF EXISTS `Dienstplan`;
CREATE TABLE IF NOT EXISTS `Dienstplan` (
  `VK` tinyint(3) unsigned NOT NULL,
  `Datum` date NOT NULL,
  `Dienstbeginn` time NOT NULL DEFAULT '00:00:00',
  `Dienstende` time DEFAULT NULL,
  `Mittagsbeginn` time DEFAULT NULL,
  `Mittagsende` time DEFAULT NULL,
  `Kommentar` text CHARACTER SET latin1,
  `Stunden` float DEFAULT NULL,
  `Mandant` int(11) NOT NULL DEFAULT '1',
  `user` varchar(64) CHARACTER SET latin1 NOT NULL,
  `timestamp` timestamp NOT NULL DEFAULT CURRENT_TIMESTAMP
) ENGINE=InnoDB DEFAULT CHARSET=latin1 COLLATE=latin1_german1_ci;

--
-- Truncate table before insert `Dienstplan`
--

TRUNCATE TABLE `Dienstplan`;
--
-- Dumping data for table `Dienstplan`
--

INSERT INTO `Dienstplan` (`VK`, `Datum`, `Dienstbeginn`, `Dienstende`, `Mittagsbeginn`, `Mittagsende`, `Kommentar`, `Stunden`, `Mandant`, `user`, `timestamp`) VALUES
(1, '2018-10-02', '09:00:00', '14:00:00', NULL, NULL, NULL, 5, 1, 'Mandelkow', '2018-09-13 06:34:17'),
(1, '2018-10-04', '13:30:00', '18:30:00', NULL, NULL, NULL, 5, 1, 'Mandelkow', '2018-09-12 13:01:32'),
(1, '2018-10-16', '09:00:00', '14:00:00', NULL, NULL, NULL, 5, 1, 'Mandelkow', '2018-09-12 16:24:39'),
(1, '2018-10-18', '13:30:00', '18:30:00', NULL, NULL, NULL, 5, 1, 'Mandelkow', '2018-09-12 16:24:27'),
(1, '2018-10-23', '09:00:00', '14:00:00', NULL, NULL, NULL, 5, 1, 'Mandelkow', '2018-09-12 16:23:55'),
(1, '2018-10-25', '13:30:00', '18:30:00', NULL, NULL, NULL, 5, 1, 'Mandelkow', '2018-09-12 16:23:29'),
(1, '2018-10-30', '09:00:00', '14:00:00', NULL, NULL, NULL, 5, 1, 'Mandelkow', '2018-09-12 16:19:19'),
(2, '2018-10-23', '16:00:00', '18:00:00', NULL, NULL, NULL, 2, 2, 'Mandelkow', '2018-10-17 14:31:14'),
(2, '2018-10-24', '08:00:00', '10:00:00', NULL, NULL, NULL, 2, 2, 'Mandelkow', '2018-10-17 14:31:29'),
(2, '2018-10-26', '08:00:00', '11:00:00', NULL, NULL, NULL, 3, 2, 'Mandelkow', '2018-10-17 14:32:01'),
(2, '2018-10-29', '08:00:00', '11:00:00', NULL, NULL, NULL, 3, 2, 'Mandelkow', '2018-10-17 14:34:00'),
(2, '2018-10-30', '16:00:00', '18:00:00', NULL, NULL, NULL, 2, 2, 'Mandelkow', '2018-10-17 14:34:48'),
(4, '2018-10-19', '08:00:00', '20:00:00', '12:00:00', '12:30:00', NULL, 11.5, 1, 'Mandelkow', '2018-10-15 15:41:25'),
(4, '2018-10-29', '08:00:00', '20:00:00', '12:30:00', '13:00:00', NULL, 11.5, 1, 'Mandelkow', '2018-10-15 15:59:33'),
(4, '2018-10-30', '08:00:00', '20:00:00', '12:00:00', '12:30:00', NULL, 11.5, 1, 'Mandelkow', '2018-10-15 16:40:13'),
(5, '2018-10-01', '10:00:00', '18:30:00', '13:00:00', '13:30:00', NULL, 8, 1, 'Mandelkow', '2018-09-28 17:58:53'),
(5, '2018-10-02', '08:15:00', '16:30:00', '12:00:00', '12:30:00', NULL, 8, 1, 'Mandelkow', '2018-09-28 17:59:41'),
(5, '2018-10-04', '08:00:00', '14:00:00', NULL, NULL, NULL, 6, 1, 'Mandelkow', '2018-09-12 13:01:32'),
(5, '2018-10-05', '08:00:00', '16:30:00', '11:30:00', '12:00:00', NULL, 8, 1, 'Mandelkow', '2018-09-13 06:11:35'),
(5, '2018-10-06', '09:00:00', '18:00:00', NULL, NULL, NULL, 9, 1, 'Mandelkow', '2018-07-23 13:02:32'),
(5, '2018-10-08', '11:00:00', '18:15:00', '13:30:00', '14:00:00', NULL, 6.75, 1, 'Mandelkow', '2018-10-09 08:29:13'),
(5, '2018-10-09', '08:00:00', '16:30:00', '11:30:00', '12:00:00', NULL, 8, 1, 'Mandelkow', '2018-09-12 16:30:35'),
(5, '2018-10-10', '11:30:00', '20:00:00', '13:30:00', '14:00:00', NULL, 8, 1, 'Mandelkow', '2018-09-12 16:30:07'),
(5, '2018-10-11', '09:00:00', '15:00:00', NULL, NULL, NULL, 6, 1, 'Mandelkow', '2018-09-12 16:26:59'),
(5, '2018-10-12', '12:00:00', '22:00:00', '13:30:00', '14:00:00', NULL, 9.5, 1, 'Mandelkow', '2018-10-09 07:14:38'),
(5, '2018-10-13', '02:30:00', '08:00:00', NULL, NULL, NULL, 5.5, 1, 'Mandelkow', '2018-09-12 16:26:22'),
(5, '2018-10-15', '09:30:00', '18:30:00', '14:00:00', '14:30:00', NULL, 8.5, 1, 'Mandelkow', '2018-09-12 16:24:41'),
(5, '2018-10-16', '08:00:00', '16:30:00', '11:30:00', '12:00:00', NULL, 8, 1, 'Mandelkow', '2018-09-12 16:24:39'),
(5, '2018-10-17', '11:30:00', '20:00:00', '13:30:00', '14:00:00', NULL, 8, 1, 'Mandelkow', '2018-09-12 16:24:35'),
(5, '2018-10-18', '09:00:00', '15:00:00', NULL, NULL, NULL, 6, 1, 'Mandelkow', '2018-09-12 16:24:27'),
(5, '2018-10-19', '08:00:00', '16:30:00', '11:30:00', '12:00:00', NULL, 8, 1, 'Mandelkow', '2018-10-15 15:41:25'),
(5, '2018-10-22', '10:15:00', '18:30:00', '13:30:00', '14:00:00', NULL, 7.75, 1, 'Mandelkow', '2018-10-29 10:28:08'),
(5, '2018-10-23', '08:00:00', '16:30:00', '12:00:00', '12:30:00', NULL, 8, 1, 'Mandelkow', '2018-10-18 12:00:10'),
(5, '2018-10-24', '11:30:00', '20:00:00', '13:30:00', '14:00:00', NULL, 8, 1, 'Mandelkow', '2018-09-12 16:23:52'),
(5, '2018-10-25', '09:00:00', '15:00:00', NULL, NULL, NULL, 6, 1, 'Mandelkow', '2018-09-12 16:23:29'),
(5, '2018-10-26', '08:00:00', '15:30:00', '12:00:00', '12:30:00', NULL, 7, 1, 'Mandelkow', '2018-10-11 07:05:52'),
(5, '2018-10-26', '15:30:00', '20:00:00', '15:30:00', '20:00:00', NULL, 0, 99, 'Mandelkow', '2018-10-11 07:06:19'),
(5, '2018-10-29', '09:30:00', '18:30:00', '14:00:00', '14:30:00', NULL, 8.5, 1, 'Mandelkow', '2018-10-15 15:59:33'),
(5, '2018-10-30', '08:00:00', '16:30:00', '11:30:00', '12:00:00', NULL, 8, 1, 'Mandelkow', '2018-09-12 16:19:19'),
(6, '2018-10-01', '10:30:00', '20:00:00', '13:30:00', '14:30:00', NULL, 8.5, 1, 'Mandelkow', '2018-10-09 09:05:46'),
(6, '2018-10-02', '10:00:00', '18:30:00', '13:00:00', '14:00:00', NULL, 7.5, 1, 'Mandelkow', '2018-10-09 11:59:41'),
(6, '2018-10-04', '09:00:00', '18:30:00', '12:00:00', '13:00:00', NULL, 8.5, 1, 'Mandelkow', '2018-10-09 12:00:06'),
(6, '2018-10-05', '09:00:00', '17:30:00', '12:30:00', '13:00:00', NULL, 8, 1, 'Mandelkow', '2018-09-13 06:12:36'),
(6, '2018-10-08', '11:30:00', '20:00:00', '13:00:00', '13:30:00', NULL, 8, 1, 'Mandelkow', '2018-10-07 12:00:57'),
(6, '2018-10-09', '08:00:00', '16:30:00', '12:00:00', '12:30:00', NULL, 8, 1, 'Mandelkow', '2018-09-12 16:31:43'),
(6, '2018-10-10', '08:00:00', '14:30:00', '11:30:00', '12:00:00', NULL, 6, 1, 'Mandelkow', '2018-10-11 12:07:00'),
(6, '2018-10-11', '08:00:00', '15:30:00', '11:30:00', '12:00:00', NULL, 7, 1, 'Mandelkow', '2018-10-23 13:09:03'),
(6, '2018-10-12', '10:00:00', '18:30:00', '13:00:00', '13:30:00', NULL, 8, 1, 'Mandelkow', '2018-10-09 07:14:03'),
(6, '2018-10-13', '09:00:00', '18:00:00', NULL, NULL, NULL, 9, 1, 'Mandelkow', '2018-09-12 16:25:19'),
(6, '2018-10-15', '09:30:00', '18:00:00', '13:30:00', '14:00:00', NULL, 8, 1, 'Mandelkow', '2018-09-12 16:24:41'),
(6, '2018-10-16', '10:00:00', '18:30:00', '14:00:00', '14:30:00', NULL, 8, 1, 'Mandelkow', '2018-09-12 16:24:39'),
(6, '2018-10-17', '08:00:00', '15:00:00', '11:30:00', '12:00:00', NULL, 6.5, 1, 'Mandelkow', '2018-09-12 16:24:35'),
(6, '2018-10-18', '08:00:00', '16:30:00', '11:30:00', '12:00:00', NULL, 8, 1, 'Mandelkow', '2018-09-12 16:24:27'),
(6, '2018-10-19', '09:30:00', '18:00:00', '13:00:00', '13:30:00', NULL, 8, 1, 'Mandelkow', '2018-09-12 16:24:23'),
(6, '2018-10-22', '09:30:00', '18:00:00', '13:00:00', '13:30:00', NULL, 8, 2, 'Mandelkow', '2018-10-19 16:12:40'),
(6, '2018-10-23', '10:00:00', '18:30:00', '13:30:00', '14:00:00', NULL, 8, 1, 'Mandelkow', '2018-10-18 12:00:18'),
(6, '2018-10-24', '08:00:00', '15:00:00', '11:30:00', '12:00:00', NULL, 6.5, 1, 'Mandelkow', '2018-09-12 16:23:52'),
(6, '2018-10-25', '07:30:00', '16:00:00', '11:30:00', '12:00:00', NULL, 8, 1, 'Mandelkow', '2018-10-18 12:00:35'),
(6, '2018-10-26', '11:30:00', '20:00:00', '13:30:00', '14:00:00', NULL, 8, 1, 'Mandelkow', '2018-09-14 06:50:07'),
(7, '2018-10-01', '09:00:00', '17:00:00', '12:30:00', '13:00:00', NULL, 7.5, 1, 'Mandelkow', '2018-09-28 17:58:53'),
(7, '2018-10-02', '08:30:00', '16:30:00', '11:30:00', '12:00:00', NULL, 8, 1, 'Mandelkow', '2018-09-28 17:59:41'),
(7, '2018-10-04', '11:30:00', '20:00:00', '13:30:00', '14:00:00', NULL, 8, 1, 'Mandelkow', '2018-09-12 13:01:49'),
(7, '2018-10-05', '13:30:00', '20:00:00', '01:00:00', '01:00:00', NULL, 6.5, 1, 'Mandelkow', '2018-09-13 06:11:28'),
(7, '2018-10-06', '09:00:00', '18:00:00', NULL, NULL, NULL, 9, 1, 'Mandelkow', '2018-07-23 13:02:32'),
(7, '2018-10-07', '13:00:00', '18:00:00', NULL, NULL, NULL, 5, 2, 'Mandelkow', '2018-06-14 06:20:58'),
(7, '2018-10-08', '08:00:00', '16:30:00', '11:30:00', '12:00:00', NULL, 8, 1, 'Mandelkow', '2018-10-07 12:00:37'),
(7, '2018-10-09', '11:30:00', '20:00:00', '13:00:00', '13:30:00', NULL, 8, 1, 'Mandelkow', '2018-09-12 16:31:43'),
(7, '2018-10-10', '09:00:00', '17:00:00', '12:30:00', '13:00:00', NULL, 7.5, 1, 'Mandelkow', '2018-10-11 12:07:00'),
(7, '2018-10-11', '11:30:00', '20:00:00', '13:00:00', '13:30:00', NULL, 8, 1, 'Mandelkow', '2018-09-12 16:26:59'),
(7, '2018-10-12', '08:00:00', '12:00:00', '01:00:00', '01:00:00', NULL, 4, 1, 'Mandelkow', '2018-10-09 07:13:36'),
(7, '2018-10-15', '08:00:00', '16:30:00', '11:30:00', '12:00:00', NULL, 8, 1, 'Mandelkow', '2018-10-23 13:06:51'),
(7, '2018-10-16', '08:00:00', '16:30:00', '12:30:00', '13:00:00', NULL, 8, 1, 'Mandelkow', '2018-09-12 16:24:39'),
(7, '2018-10-17', '09:00:00', '17:30:00', '12:30:00', '13:00:00', NULL, 8, 1, 'Mandelkow', '2018-09-12 16:24:35'),
(7, '2018-10-18', '09:30:00', '18:00:00', '12:30:00', '13:00:00', NULL, 8, 1, 'Mandelkow', '2018-10-23 13:07:40'),
(7, '2018-10-19', '08:00:00', '14:30:00', '01:00:00', '01:00:00', NULL, 6.5, 1, 'Mandelkow', '2018-09-12 16:24:23'),
(7, '2018-10-22', '07:30:00', '16:00:00', '11:30:00', '12:00:00', NULL, 8, 1, 'Mandelkow', '2018-10-18 12:00:00'),
(7, '2018-10-23', '07:30:00', '16:00:00', '11:30:00', '12:00:00', NULL, 8, 1, 'Mandelkow', '2018-10-18 12:00:10'),
(7, '2018-10-24', '08:00:00', '16:45:00', '12:30:00', '13:00:00', NULL, 8.25, 1, 'Mandelkow', '2018-10-29 11:36:00'),
(7, '2018-10-25', '11:30:00', '20:00:00', '13:00:00', '13:30:00', NULL, 8, 1, 'Mandelkow', '2018-09-12 16:23:29'),
(7, '2018-10-26', '12:00:00', '18:30:00', '01:00:00', '01:00:00', NULL, 6.5, 1, 'Mandelkow', '2018-10-16 10:49:43'),
(7, '2018-10-29', '08:00:00', '16:30:00', '11:30:00', '12:00:00', NULL, 8, 1, 'Mandelkow', '2018-09-12 16:20:07'),
(7, '2018-10-30', '08:00:00', '11:00:00', NULL, NULL, NULL, 3, 1, 'Mandelkow', '2018-10-09 13:41:16'),
(7, '2018-10-30', '11:00:00', '20:00:00', '11:00:00', '20:00:00', NULL, 0, 99, 'Mandelkow', '2018-10-09 13:41:34'),
(9, '2018-10-01', '16:00:00', '20:00:00', NULL, NULL, NULL, 4, 1, 'Mandelkow', '2018-09-14 08:12:28'),
(9, '2018-10-02', '16:00:00', '20:00:00', NULL, NULL, NULL, 4, 99, 'Mandelkow', '2018-09-24 11:19:01'),
(9, '2018-10-04', '08:00:00', '16:00:00', NULL, NULL, NULL, 4, 1, 'Mandelkow', '2018-07-12 09:06:39'),
(9, '2018-10-04', '15:00:00', '20:00:00', NULL, NULL, NULL, 4, 99, 'Mandelkow', '2018-07-12 09:06:39'),
(9, '2018-10-05', '16:00:00', '18:30:00', NULL, NULL, NULL, 2.5, 1, 'Mandelkow', '2018-10-01 10:22:24'),
(9, '2018-10-08', '17:00:00', '20:00:00', NULL, NULL, NULL, 3, 1, 'Mandelkow', '2018-10-09 08:29:13'),
(9, '2018-10-09', '09:00:00', '12:00:00', NULL, NULL, NULL, 3, 1, 'Mandelkow', '2018-09-12 16:30:35'),
(9, '2018-10-10', '17:00:00', '20:00:00', NULL, NULL, NULL, 3, 1, 'Mandelkow', '2018-09-12 16:30:07'),
(9, '2018-10-11', '14:30:00', '18:30:00', NULL, NULL, NULL, 4, 1, 'Mandelkow', '2018-09-12 16:29:39'),
(9, '2018-10-12', '18:00:00', '20:00:00', NULL, NULL, NULL, 2, 1, 'Mandelkow', '2018-10-23 13:09:59'),
(9, '2018-10-15', '18:00:00', '20:00:00', NULL, NULL, NULL, 2, 1, 'Mandelkow', '2018-09-12 16:24:41'),
(9, '2018-10-16', '12:00:00', '20:00:00', NULL, NULL, NULL, 8, 99, 'Mandelkow', '2018-09-14 12:24:26'),
(9, '2018-10-17', '18:00:00', '20:00:00', NULL, NULL, NULL, 2, 99, 'Mandelkow', '2018-09-14 12:28:21'),
(9, '2018-10-22', '16:00:00', '18:00:00', NULL, NULL, NULL, 2, 2, 'Mandelkow', '2018-10-18 12:18:51'),
(9, '2018-10-22', '18:00:00', '20:00:00', NULL, NULL, NULL, 2, 1, 'Mandelkow', '2018-10-29 10:28:20'),
(9, '2018-10-25', '16:00:00', '18:30:00', NULL, NULL, NULL, 2.5, 2, 'Mandelkow', '2018-09-14 06:52:23'),
(9, '2018-10-25', '18:30:00', '20:00:00', NULL, NULL, NULL, 1.5, 1, 'Mandelkow', '2018-09-12 16:23:29'),
(10, '2018-10-01', '08:00:00', '15:30:00', '11:30:00', '12:00:00', NULL, 7, 2, 'Mandelkow', '2018-09-13 06:44:48'),
(10, '2018-10-02', '10:00:00', '18:30:00', '12:00:00', '13:00:00', NULL, 7.5, 2, 'Mandelkow', '2018-09-13 06:44:53'),
(10, '2018-10-02', '18:30:00', '20:00:00', NULL, NULL, NULL, 1.5, 1, 'Mandelkow', '2018-09-13 06:34:17'),
(10, '2018-10-04', '09:00:00', '18:00:00', '12:30:00', '13:00:00', NULL, 8.5, 2, 'Mandelkow', '2018-09-13 06:45:12'),
(10, '2018-10-05', '08:00:00', '15:00:00', '11:30:00', '12:00:00', NULL, 6.5, 2, 'Mandelkow', '2018-09-13 06:45:18'),
(10, '2018-10-15', '08:00:00', '15:30:00', '11:30:00', '12:00:00', NULL, 7, 2, 'Mandelkow', '2018-09-14 07:07:50'),
(10, '2018-10-16', '10:00:00', '18:30:00', '12:00:00', '13:00:00', NULL, 7.5, 2, 'Mandelkow', '2018-09-14 07:07:47'),
(10, '2018-10-16', '18:30:00', '20:00:00', NULL, NULL, NULL, 1.5, 1, 'Mandelkow', '2018-09-12 16:24:39'),
(10, '2018-10-17', '08:00:00', '16:00:00', '11:30:00', '12:00:00', NULL, 7.5, 2, 'Mandelkow', '2018-09-14 07:07:43'),
(10, '2018-10-18', '09:00:00', '18:00:00', '12:00:00', '12:30:00', NULL, 8.5, 2, 'Mandelkow', '2018-09-14 07:07:39'),
(10, '2018-10-19', '08:00:00', '15:00:00', '11:30:00', '12:00:00', NULL, 6.5, 2, 'Mandelkow', '2018-09-14 07:07:36'),
(10, '2018-10-23', '10:00:00', '18:30:00', '12:00:00', '13:00:00', NULL, 7.5, 2, 'Mandelkow', '2018-09-14 06:55:25'),
(10, '2018-10-23', '18:30:00', '20:00:00', NULL, NULL, NULL, 1.5, 1, 'Mandelkow', '2018-09-12 16:23:55'),
(10, '2018-10-24', '08:00:00', '16:00:00', '11:30:00', '12:00:00', NULL, 7.5, 2, 'Mandelkow', '2018-09-14 06:55:02'),
(10, '2018-10-25', '09:00:00', '18:00:00', '12:00:00', '12:30:00', NULL, 8.5, 2, 'Mandelkow', '2018-09-14 06:52:23'),
(10, '2018-10-26', '08:00:00', '15:00:00', '11:30:00', '12:00:00', NULL, 6.5, 2, 'Mandelkow', '2018-09-14 06:47:50'),
(10, '2018-10-27', '09:00:00', '18:00:00', NULL, NULL, NULL, 9, 1, 'Mandelkow', '2018-09-12 16:21:00'),
(10, '2018-10-29', '08:00:00', '15:30:00', '11:30:00', '12:00:00', NULL, 7, 2, 'Mandelkow', '2018-09-14 06:37:45'),
(10, '2018-10-30', '10:00:00', '18:30:00', '12:00:00', '13:00:00', NULL, 7.5, 2, 'Mandelkow', '2018-09-14 06:37:33'),
(10, '2018-10-30', '18:30:00', '20:00:00', NULL, NULL, NULL, 1.5, 1, 'Mandelkow', '2018-09-12 16:19:19'),
(13, '2018-10-01', '08:00:00', '16:30:00', '11:30:00', '12:00:00', NULL, 8, 1, 'Mandelkow', '2018-10-09 09:05:46'),
(13, '2018-10-02', '12:00:00', '20:00:00', '14:00:00', '14:30:00', NULL, 7.5, 1, 'Mandelkow', '2018-10-09 11:59:41'),
(13, '2018-10-08', '08:00:00', '17:30:00', '12:00:00', '12:30:00', NULL, 9, 1, 'Mandelkow', '2018-10-07 12:00:37'),
(13, '2018-10-09', '11:30:00', '20:00:00', '13:30:00', '14:00:00', NULL, 8, 1, 'Mandelkow', '2018-09-12 16:31:43'),
(13, '2018-10-10', '08:00:00', '17:00:00', '12:00:00', '12:30:00', NULL, 8.5, 1, 'Mandelkow', '2018-09-12 16:30:07'),
(13, '2018-10-11', '08:00:00', '13:00:00', NULL, NULL, NULL, 5, 1, 'Mandelkow', '2018-09-12 16:26:59'),
(13, '2018-10-12', '08:00:00', '16:30:00', '12:00:00', '12:30:00', NULL, 8, 1, 'Mandelkow', '2018-10-23 13:09:41'),
(13, '2018-10-15', '08:00:00', '17:30:00', '12:30:00', '13:00:00', NULL, 9, 1, 'Mandelkow', '2018-10-23 13:06:51'),
(13, '2018-10-16', '11:30:00', '20:00:00', '14:30:00', '15:00:00', NULL, 8, 1, 'Mandelkow', '2018-09-12 16:24:39'),
(13, '2018-10-17', '08:00:00', '17:00:00', '12:00:00', '12:30:00', NULL, 8.5, 1, 'Mandelkow', '2018-09-12 16:24:35'),
(13, '2018-10-18', '08:00:00', '13:00:00', NULL, NULL, NULL, 5, 1, 'Mandelkow', '2018-09-12 16:24:27'),
(13, '2018-10-19', '10:00:00', '18:30:00', '13:30:00', '14:00:00', NULL, 8, 1, 'Mandelkow', '2018-09-12 16:24:23'),
(13, '2018-10-22', '08:00:00', '17:30:00', '12:00:00', '12:30:00', NULL, 9, 1, 'Mandelkow', '2018-10-16 12:35:30'),
(13, '2018-10-23', '11:30:00', '20:00:00', '14:00:00', '14:30:00', NULL, 8, 1, 'Mandelkow', '2018-10-18 12:00:18'),
(13, '2018-10-24', '08:00:00', '17:00:00', '12:00:00', '12:30:00', NULL, 8.5, 1, 'Mandelkow', '2018-09-12 16:23:52'),
(13, '2018-10-25', '08:00:00', '13:00:00', NULL, NULL, NULL, 5, 1, 'Mandelkow', '2018-09-12 16:23:29'),
(13, '2018-10-26', '10:00:00', '18:30:00', '13:00:00', '13:30:00', NULL, 8, 1, 'Mandelkow', '2018-09-14 06:50:07'),
(13, '2018-10-27', '09:00:00', '18:00:00', NULL, NULL, NULL, 9, 1, 'Mandelkow', '2018-09-12 16:21:00'),
(13, '2018-10-29', '08:00:00', '17:30:00', '12:00:00', '12:30:00', NULL, 9, 1, 'Mandelkow', '2018-09-12 16:20:07'),
(13, '2018-10-30', '11:30:00', '20:00:00', '14:00:00', '14:30:00', NULL, 8, 1, 'Mandelkow', '2018-10-15 16:40:21'),
(14, '2018-10-01', '10:00:00', '18:00:00', '12:00:00', '12:30:00', NULL, 7.5, 2, 'Mandelkow', '2018-09-13 06:44:48'),
(14, '2018-10-02', '08:00:00', '16:00:00', '11:30:00', '12:00:00', NULL, 7.5, 2, 'Mandelkow', '2018-09-13 06:44:53'),
(14, '2018-10-04', '08:00:00', '16:00:00', '12:00:00', '12:30:00', NULL, 7.5, 2, 'Mandelkow', '2018-09-13 06:45:12'),
(14, '2018-10-05', '11:00:00', '18:30:00', '12:00:00', '12:30:00', NULL, 7, 2, 'Mandelkow', '2018-09-13 06:45:18'),
(14, '2018-10-05', '18:30:00', '20:00:00', NULL, NULL, NULL, 1.5, 1, 'Mandelkow', '2018-09-13 06:04:42'),
(14, '2018-10-08', '09:00:00', '18:00:00', '11:30:00', '12:00:00', NULL, 8.5, 2, 'Mandelkow', '2018-10-07 18:39:50'),
(14, '2018-10-09', '08:00:00', '16:00:00', '11:30:00', '12:00:00', NULL, 7.5, 2, 'Mandelkow', '2018-09-14 07:09:38'),
(14, '2018-10-10', '10:00:00', '18:00:00', '11:30:00', '12:00:00', NULL, 7.5, 2, 'Mandelkow', '2018-09-14 07:09:34'),
(14, '2018-10-11', '08:00:00', '16:00:00', '11:30:00', '12:00:00', NULL, 7.5, 2, 'Mandelkow', '2018-09-14 07:09:32'),
(14, '2018-10-12', '11:00:00', '18:30:00', '11:30:00', '12:00:00', NULL, 7, 2, 'Mandelkow', '2018-09-14 07:09:27'),
(14, '2018-10-13', '09:00:00', '18:00:00', NULL, NULL, NULL, 9, 1, 'Mandelkow', '2018-09-12 16:25:19'),
(14, '2018-10-15', '10:00:00', '18:00:00', '12:00:00', '12:30:00', NULL, 7.5, 2, 'Mandelkow', '2018-09-14 07:07:50'),
(14, '2018-10-16', '08:00:00', '16:00:00', '11:30:00', '12:00:00', NULL, 7.5, 2, 'Mandelkow', '2018-09-14 07:07:47'),
(14, '2018-10-17', '10:00:00', '18:00:00', '12:00:00', '12:30:00', NULL, 7.5, 2, 'Mandelkow', '2018-09-14 07:07:43'),
(14, '2018-10-18', '08:00:00', '16:00:00', '11:30:00', '12:00:00', NULL, 7.5, 2, 'Mandelkow', '2018-09-14 07:07:39'),
(14, '2018-10-19', '11:00:00', '18:30:00', '12:00:00', '12:30:00', NULL, 7, 2, 'Mandelkow', '2018-09-14 07:07:36'),
(14, '2018-10-19', '18:30:00', '20:00:00', NULL, NULL, NULL, 1.5, 1, 'Mandelkow', '2018-09-12 16:24:23'),
(14, '2018-10-22', '08:00:00', '16:00:00', '12:00:00', '12:30:00', NULL, 7.5, 2, 'Mandelkow', '2018-10-18 12:18:51'),
(14, '2018-10-23', '08:00:00', '16:00:00', '11:30:00', '12:00:00', NULL, 7.5, 2, 'Mandelkow', '2018-09-14 06:55:25'),
(14, '2018-10-24', '10:00:00', '18:00:00', '12:00:00', '12:30:00', NULL, 7.5, 2, 'Mandelkow', '2018-09-14 06:55:02'),
(14, '2018-10-25', '08:00:00', '16:00:00', '11:30:00', '12:00:00', NULL, 7.5, 2, 'Mandelkow', '2018-09-14 06:52:23'),
(14, '2018-10-26', '11:00:00', '18:30:00', '12:00:00', '12:30:00', NULL, 7, 2, 'Mandelkow', '2018-09-14 06:47:50'),
(14, '2018-10-26', '18:30:00', '20:00:00', NULL, NULL, NULL, 1.5, 1, 'Mandelkow', '2018-09-12 16:21:27'),
(14, '2018-10-29', '10:00:00', '18:00:00', '12:00:00', '12:30:00', NULL, 7.5, 2, 'Mandelkow', '2018-09-14 06:37:45'),
(14, '2018-10-30', '08:00:00', '16:00:00', '11:30:00', '12:00:00', NULL, 7.5, 2, 'Mandelkow', '2018-09-14 06:37:33'),
(16, '2018-10-15', '11:00:00', '20:00:00', '14:30:00', '15:00:00', NULL, 8.5, 1, 'Mandelkow', '2018-09-12 16:24:41'),
(16, '2018-10-16', '10:00:00', '18:00:00', '13:30:00', '14:00:00', NULL, 7.5, 1, 'Mandelkow', '2018-09-12 16:24:39'),
(16, '2018-10-17', '11:00:00', '20:00:00', '13:00:00', '13:30:00', NULL, 8.5, 1, 'Mandelkow', '2018-09-12 16:24:35'),
(16, '2018-10-18', '12:00:00', '20:00:00', '13:00:00', '13:30:00', NULL, 7.5, 1, 'Mandelkow', '2018-10-23 13:07:40'),
(16, '2018-10-19', '14:00:00', '20:00:00', NULL, NULL, NULL, 6, 1, 'Mandelkow', '2018-09-12 16:24:23'),
(16, '2018-10-20', '09:00:00', '18:00:00', NULL, NULL, NULL, 9, 1, 'Mandelkow', '2018-07-23 13:04:21'),
(16, '2018-10-22', '11:00:00', '20:00:00', '14:00:00', '14:30:00', NULL, 8.5, 1, 'Mandelkow', '2018-10-21 13:48:28'),
(16, '2018-10-23', '10:00:00', '18:00:00', '13:00:00', '13:30:00', NULL, 7.5, 1, 'Mandelkow', '2018-10-18 12:00:18'),
(16, '2018-10-24', '11:00:00', '20:00:00', '13:00:00', '13:30:00', NULL, 8.5, 1, 'Mandelkow', '2018-09-12 16:23:52'),
(16, '2018-10-25', '10:00:00', '18:00:00', '12:30:00', '13:00:00', NULL, 7.5, 1, 'Mandelkow', '2018-09-12 16:23:29'),
(16, '2018-10-26', '07:00:00', '13:45:00', NULL, NULL, NULL, 6.75, 1, 'Mandelkow', '2018-10-29 11:43:19'),
(16, '2018-10-29', '11:00:00', '20:00:00', '14:30:00', '15:00:00', NULL, 8.5, 1, 'Mandelkow', '2018-10-15 15:59:33'),
(16, '2018-10-30', '10:00:00', '18:00:00', '13:00:00', '13:30:00', NULL, 7.5, 1, 'Mandelkow', '2018-10-15 16:40:21'),
(17, '2018-10-01', '08:00:00', '14:00:00', NULL, NULL, NULL, 6, 2, 'Mandelkow', '2018-09-13 06:44:48'),
(17, '2018-10-02', '09:30:00', '18:00:00', '13:00:00', '13:30:00', NULL, 8, 2, 'Mandelkow', '2018-09-13 06:44:53'),
(17, '2018-10-04', '12:00:00', '18:30:00', '13:00:00', '13:30:00', NULL, 6, 2, 'Mandelkow', '2018-09-13 06:45:12'),
(17, '2018-10-04', '18:30:00', '20:00:00', NULL, NULL, NULL, 1.5, 1, 'Mandelkow', '2018-09-12 13:01:32'),
(17, '2018-10-05', '08:00:00', '14:00:00', NULL, NULL, NULL, 6, 2, 'Mandelkow', '2018-09-13 06:45:18'),
(17, '2018-10-07', '08:00:00', '22:00:00', NULL, NULL, NULL, 14, 2, 'Mandelkow', '2018-06-14 06:20:58'),
(17, '2018-10-08', '02:30:00', '09:00:00', NULL, NULL, NULL, 6.5, 2, 'Mandelkow', '2018-10-07 18:39:50'),
(17, '2018-10-09', '09:30:00', '18:00:00', '12:00:00', '12:30:00', NULL, 8, 2, 'Mandelkow', '2018-09-14 07:09:38'),
(17, '2018-10-10', '08:00:00', '14:00:00', NULL, NULL, NULL, 6, 2, 'Mandelkow', '2018-09-14 07:09:34'),
(17, '2018-10-11', '12:00:00', '18:30:00', '12:00:00', '12:30:00', NULL, 6, 2, 'Mandelkow', '2018-09-14 07:09:32'),
(17, '2018-10-11', '18:30:00', '20:00:00', NULL, NULL, NULL, 1.5, 1, 'Mandelkow', '2018-09-12 16:26:59'),
(17, '2018-10-12', '08:00:00', '14:00:00', NULL, NULL, NULL, 6, 2, 'Mandelkow', '2018-09-14 07:09:27'),
(17, '2018-10-15', '08:00:00', '14:00:00', NULL, NULL, NULL, 6, 2, 'Mandelkow', '2018-09-14 07:07:50'),
(17, '2018-10-16', '09:30:00', '18:00:00', '13:00:00', '13:30:00', NULL, 8, 2, 'Mandelkow', '2018-09-14 07:07:47'),
(17, '2018-10-17', '08:00:00', '14:00:00', NULL, NULL, NULL, 6, 2, 'Mandelkow', '2018-09-14 07:07:43'),
(17, '2018-10-18', '12:00:00', '18:30:00', '12:30:00', '13:00:00', NULL, 6, 2, 'Mandelkow', '2018-09-14 07:07:39'),
(17, '2018-10-18', '18:30:00', '20:00:00', NULL, NULL, NULL, 1.5, 1, 'Mandelkow', '2018-09-12 16:24:27'),
(17, '2018-10-19', '08:00:00', '14:00:00', NULL, NULL, NULL, 6, 2, 'Mandelkow', '2018-10-16 13:28:38'),
(17, '2018-10-20', '09:00:00', '18:00:00', NULL, NULL, NULL, 9, 1, 'Mandelkow', '2018-07-23 13:03:33'),
(18, '2018-10-01', '08:00:00', '17:30:00', '12:00:00', '12:30:00', NULL, 9, 1, 'Mandelkow', '2018-09-14 08:12:48'),
(18, '2018-10-02', '09:00:00', '18:30:00', '12:30:00', '13:00:00', NULL, 9, 1, 'Mandelkow', '2018-10-09 09:06:05'),
(18, '2018-10-04', '08:00:00', '17:00:00', '11:30:00', '12:00:00', NULL, 8.5, 1, 'Mandelkow', '2018-10-09 12:00:06'),
(18, '2018-10-05', '08:00:00', '16:30:00', '12:00:00', '12:30:00', NULL, 8, 1, 'Mandelkow', '2018-09-13 06:12:36'),
(18, '2018-10-08', '09:00:00', '18:30:00', '12:30:00', '13:00:00', NULL, 9, 1, 'Mandelkow', '2018-10-07 12:00:37'),
(18, '2018-10-09', '09:00:00', '18:30:00', '12:30:00', '13:00:00', NULL, 9, 1, 'Mandelkow', '2018-10-09 09:04:06'),
(18, '2018-10-10', '08:00:00', '14:00:00', '01:00:00', '01:00:00', NULL, 6, 1, 'Mandelkow', '2018-10-09 09:04:17'),
(18, '2018-10-11', '08:30:00', '17:00:00', '12:00:00', '12:30:00', NULL, 8, 1, 'Mandelkow', '2018-09-12 16:26:59'),
(18, '2018-10-12', '08:30:00', '17:00:00', NULL, NULL, NULL, 8.5, 1, 'Mandelkow', '2018-10-23 13:09:41'),
(18, '2018-10-15', '09:00:00', '18:30:00', '13:00:00', '13:30:00', NULL, 9, 1, 'Mandelkow', '2018-09-12 16:24:41'),
(18, '2018-10-18', '08:30:00', '17:00:00', '12:00:00', '12:30:00', NULL, 8, 1, 'Mandelkow', '2018-09-12 16:24:27'),
(18, '2018-10-19', '08:30:00', '17:00:00', '12:30:00', '13:00:00', NULL, 8, 1, 'Mandelkow', '2018-09-12 16:24:23'),
(18, '2018-10-22', '09:00:00', '18:30:00', '13:00:00', '13:30:00', NULL, 9, 1, 'Mandelkow', '2018-09-12 16:24:06'),
(18, '2018-10-23', '09:30:00', '18:30:00', '12:30:00', '13:00:00', NULL, 8.5, 1, 'Mandelkow', '2018-10-18 12:00:18'),
(18, '2018-10-24', '07:30:00', '14:00:00', '01:00:00', '01:00:00', NULL, 6.5, 1, 'Mandelkow', '2018-10-18 12:00:30'),
(18, '2018-10-25', '08:30:00', '17:00:00', '12:00:00', '12:30:00', NULL, 8, 1, 'Mandelkow', '2018-09-12 16:23:29'),
(18, '2018-10-26', '08:00:00', '17:00:00', '12:30:00', '13:00:00', NULL, 8.5, 1, 'Mandelkow', '2018-10-29 11:43:26'),
(18, '2018-10-29', '09:00:00', '18:30:00', '13:00:00', '13:30:00', NULL, 9, 1, 'Mandelkow', '2018-10-15 15:59:33'),
(18, '2018-10-30', '09:00:00', '18:30:00', '12:30:00', '13:00:00', NULL, 9, 1, 'Mandelkow', '2018-11-12 08:44:20'),
(19, '2018-10-10', '13:45:00', '18:45:00', NULL, NULL, NULL, 5, 1, 'Mandelkow', '2018-09-12 16:30:07'),
(19, '2018-10-11', '08:00:00', '13:00:00', NULL, NULL, NULL, 5, 1, 'Mandelkow', '2018-09-12 16:26:59'),
(19, '2018-10-16', '08:00:00', '13:00:00', NULL, NULL, NULL, 5, 1, 'Mandelkow', '2018-10-15 15:24:18'),
(19, '2018-10-17', '13:45:00', '18:45:00', NULL, NULL, NULL, 5, 1, 'Mandelkow', '2018-09-12 16:24:35'),
(19, '2018-10-24', '13:45:00', '18:45:00', NULL, NULL, NULL, 5, 1, 'Mandelkow', '2018-09-12 16:23:52'),
(19, '2018-10-25', '08:00:00', '13:00:00', NULL, NULL, NULL, 5, 1, 'Mandelkow', '2018-09-12 16:23:29');

-- --------------------------------------------------------

--
-- Table structure for table `employees`
--

DROP TABLE IF EXISTS `employees`;
CREATE TABLE IF NOT EXISTS `employees` (
`pseudo_id` int(10) unsigned NOT NULL,
  `id` tinyint(3) unsigned NOT NULL,
  `last_name` varchar(35) COLLATE latin1_german1_ci NOT NULL,
  `first_name` varchar(35) COLLATE latin1_german1_ci NOT NULL,
  `profession` set('Apotheker','PI','PTA','PKA','Praktikant','Ernährungsberater','Kosmetiker','Zugehfrau') COLLATE latin1_german1_ci NOT NULL,
  `working_hours` float NOT NULL DEFAULT '40',
  `working_week_hours` float NOT NULL DEFAULT '38.5',
  `holidays` tinyint(11) NOT NULL DEFAULT '28',
  `lunch_break_minutes` tinyint(11) NOT NULL DEFAULT '30',
  `goods_receipt` tinyint(1) DEFAULT NULL,
  `compounding` tinyint(1) DEFAULT NULL,
  `branch` int(11) NOT NULL DEFAULT '1',
  `start_of_employment` date DEFAULT NULL,
  `end_of_employment` date DEFAULT NULL,
  `timestamp` timestamp NOT NULL DEFAULT CURRENT_TIMESTAMP
) ENGINE=InnoDB AUTO_INCREMENT=62 DEFAULT CHARSET=latin1 COLLATE=latin1_german1_ci;

--
-- Truncate table before insert `employees`
--

TRUNCATE TABLE `employees`;
--
-- Dumping data for table `employees`
--

INSERT INTO `employees` (`pseudo_id`, `id`, `last_name`, `first_name`, `profession`, `working_hours`, `working_week_hours`, `holidays`, `lunch_break_minutes`, `goods_receipt`, `compounding`, `branch`, `start_of_employment`, `end_of_employment`, `timestamp`) VALUES
(0, 0, 'Schulz', 'Ge', 'Zugehfrau', 40, 40, 28, 30, 0, NULL, 0, '0000-00-00', NULL, '2017-03-13 08:03:27'),
(1, 1, 'Thoma', 'Gu', 'PI', 10, 10, 28, 30, 0, 0, 0, '1983-11-21', NULL, '2017-12-28 12:40:27'),
(2, 2, 'Esser', 'An', 'Apotheker', 40, 40, 28, 30, 0, 0, 1, '2018-10-01', NULL, '2017-03-13 08:03:27'),
(4, 4, 'Otto', 'Ph', 'Apotheker', 47.5, 47.5, 0, 30, 0, 0, 1, '2018-10-09', '2018-12-21', '2017-11-08 18:16:57'),
(5, 5, 'Maier', 'Ma', 'Apotheker', 40, 40, 28, 30, 0, 0, 1, '2015-01-01', NULL, '2017-12-12 12:04:44'),
(6, 6, 'Ostermeier', 'An', 'PTA', 40, 40, 28, 30, 1, 1, 1, '2018-06-01', NULL, '2017-03-13 21:10:53'),
(7, 7, 'Freud', 'Le', 'PTA', 40, 40, 28, 30, 1, 1, 1, NULL, NULL, '2017-03-13 21:11:27'),
(8, 8, 'Friedrich', 'An', 'PTA', 40, 40, 28, 30, 1, 0, 1, '2017-04-01', NULL, '2017-11-06 18:39:28'),
(9, 9, 'Issel', 'He', 'Apotheker', 30, 30, 28, 30, 0, 0, 1, NULL, NULL, '2017-03-13 08:03:27'),
(10, 10, 'Kaiser', 'Ma', 'PTA', 36.5, 36.5, 28, 30, 1, 1, 2, NULL, NULL, '2017-03-13 21:15:36'),
(11, 11, 'Wolf', 'Ch', 'PKA', 35, 35, 28, 30, 1, 0, 1, '2014-01-02', '2018-09-30', '2017-03-13 08:03:27'),
(12, 12, 'Wagner', 'Ju', 'PTA', 40, 40, 28, 30, 1, 1, 1, '2018-10-01', NULL, '2017-08-09 09:55:23'),
(13, 13, 'Unger', 'Sa', 'PI', 40, 40, 28, 30, 1, 0, 1, NULL, NULL, '2017-03-13 08:03:27'),
(14, 14, 'Braun', 'Ni', 'Apotheker', 40, 40, 28, 30, 1, 0, 2, NULL, NULL, '2017-03-13 08:03:27'),
(15, 15, 'Koch', 'Je', 'Kosmetiker', 40, 40, 28, 30, 1, 0, 3, NULL, NULL, '2017-03-13 08:03:27'),
(16, 16, 'Isenberg', 'Ja', 'PTA', 40, 40, 28, 60, 1, 1, 1, '2012-01-01', NULL, '2017-10-18 16:56:24'),
(17, 17, 'Günther', 'An', 'PI', 35, 35, 28, 30, 1, 0, 2, NULL, NULL, '2017-03-13 08:03:27'),
(18, 18, 'Müller', 'Da', 'PKA', 40, 40, 30, 30, 1, 0, 1, '2017-09-01', NULL, '2017-12-13 13:50:26'),
(19, 19, 'Klein', 'Ba', 'PKA', 10, 10, 11, 0, 1, NULL, 1, '0000-00-00', NULL, '2017-03-13 08:03:27'),
(20, 20, 'Pfeiffer', 'He', 'Apotheker', 5, 5, 28, 0, 0, 0, 1, NULL, NULL, '2017-03-13 08:03:27'),
(21, 21, 'Christ', 'An', 'PKA', 30, 30, 28, 30, 0, 0, 3, NULL, '2018-05-31', '2018-02-13 09:56:48');

--
-- Triggers `employees`
--
DROP TRIGGER IF EXISTS `backup_employee_data`;
DELIMITER //
CREATE TRIGGER `backup_employee_data` AFTER INSERT ON `employees`
 FOR EACH ROW INSERT INTO employees_backup SELECT * FROM employees WHERE employees.id = NEW.id
//
DELIMITER ;

-- --------------------------------------------------------

--
-- Table structure for table `employees_backup`
--

DROP TABLE IF EXISTS `employees_backup`;
CREATE TABLE IF NOT EXISTS `employees_backup` (
`backup_id` int(11) NOT NULL,
  `id` smallint(5) unsigned NOT NULL,
  `last_name` varchar(35) COLLATE latin1_german1_ci NOT NULL,
  `first_name` varchar(35) COLLATE latin1_german1_ci NOT NULL,
  `profession` set('Apotheker','PI','PTA','PKA','Praktikant','Ernährungsberater','Kosmetiker','Zugehfrau') COLLATE latin1_german1_ci NOT NULL,
  `working_hours` float NOT NULL DEFAULT '40',
  `working_week_hours` float NOT NULL DEFAULT '38.5',
  `holidays` tinyint(11) NOT NULL DEFAULT '28',
  `lunch_break_minutes` tinyint(11) NOT NULL DEFAULT '30',
  `goods_receipt` tinyint(1) DEFAULT NULL,
  `compounding` tinyint(1) DEFAULT NULL,
  `branch` int(11) NOT NULL DEFAULT '1',
  `start_of_employment` date DEFAULT NULL,
  `end_of_employment` date DEFAULT NULL,
  `timestamp` timestamp NOT NULL DEFAULT CURRENT_TIMESTAMP
) ENGINE=InnoDB DEFAULT CHARSET=latin1 COLLATE=latin1_german1_ci;

--
-- Truncate table before insert `employees_backup`
--

TRUNCATE TABLE `employees_backup`;
-- --------------------------------------------------------

--
-- Table structure for table `Grundplan`
--

DROP TABLE IF EXISTS `Grundplan`;
CREATE TABLE IF NOT EXISTS `Grundplan` (
  `VK` tinyint(11) NOT NULL,
  `Wochentag` tinyint(4) NOT NULL,
  `Dienstbeginn` time NOT NULL DEFAULT '00:00:00',
  `Dienstende` time DEFAULT NULL,
  `Mittagsbeginn` time DEFAULT NULL,
  `Mittagsende` time DEFAULT NULL,
  `Kommentar` text COLLATE latin1_german1_ci,
  `Stunden` float DEFAULT NULL,
  `Mandant` int(11) NOT NULL DEFAULT '1'
) ENGINE=InnoDB DEFAULT CHARSET=latin1 COLLATE=latin1_german1_ci;

--
-- Truncate table before insert `Grundplan`
--

TRUNCATE TABLE `Grundplan`;
--
-- Dumping data for table `Grundplan`
--

INSERT INTO `Grundplan` (`VK`, `Wochentag`, `Dienstbeginn`, `Dienstende`, `Mittagsbeginn`, `Mittagsende`, `Kommentar`, `Stunden`, `Mandant`) VALUES
(1, 2, '09:00:00', '14:00:00', NULL, NULL, '', 5, 1),
(1, 4, '13:30:00', '18:30:00', NULL, NULL, '', 5, 1),
(2, 1, '09:00:00', '17:00:00', '13:30:00', '14:00:00', NULL, 7.5, 1),
(2, 2, '10:00:00', '18:30:00', '14:00:00', '14:30:00', NULL, 8, 1),
(2, 3, '11:30:00', '20:00:00', '14:30:00', '15:00:00', NULL, 8, 1),
(2, 4, '10:00:00', '18:30:00', '13:30:00', '14:00:00', NULL, 8, 1),
(2, 5, '08:00:00', '15:30:00', '11:30:00', '12:00:00', NULL, 7, 1),
(5, 1, '11:00:00', '20:00:00', '14:30:00', '15:00:00', NULL, 8.5, 1),
(5, 2, '08:00:00', '16:30:00', '11:30:00', '12:00:00', NULL, 8, 1),
(5, 3, '09:30:00', '18:30:00', '13:30:00', '14:00:00', NULL, 8.5, 1),
(5, 4, '09:00:00', '15:00:00', NULL, NULL, '', 6, 1),
(5, 5, '09:00:00', '17:30:00', '12:30:00', '13:00:00', NULL, 8, 1),
(6, 1, '09:30:00', '18:00:00', '13:00:00', '13:30:00', NULL, 8, 1),
(6, 2, '10:00:00', '18:30:00', '14:30:00', '15:00:00', NULL, 8, 1),
(6, 3, '08:00:00', '15:00:00', '11:30:00', '12:00:00', NULL, 6.5, 1),
(6, 4, '08:00:00', '16:30:00', '11:30:00', '12:00:00', NULL, 8, 1),
(6, 5, '09:30:00', '18:00:00', '13:00:00', '13:30:00', NULL, 8, 1),
(7, 1, '10:00:00', '18:30:00', '14:00:00', '14:30:00', NULL, 8, 1),
(7, 2, '08:00:00', '16:30:00', '12:00:00', '12:30:00', NULL, 8, 1),
(7, 3, '09:00:00', '17:30:00', '12:30:00', '13:00:00', NULL, 8, 1),
(7, 4, '11:30:00', '20:00:00', '14:00:00', '14:30:00', NULL, 8, 1),
(7, 5, '08:00:00', '14:30:00', '01:00:00', '01:00:00', NULL, 6.5, 1),
(10, 1, '08:00:00', '14:00:00', '11:30:00', '12:00:00', NULL, 5.5, 2),
(10, 2, '10:00:00', '18:30:00', '12:00:00', '13:00:00', NULL, 7.5, 2),
(10, 2, '18:30:00', '20:00:00', NULL, NULL, NULL, 1.5, 1),
(10, 3, '08:00:00', '14:00:00', '11:30:00', '12:00:00', NULL, 5.5, 2),
(10, 4, '09:00:00', '18:00:00', '13:00:00', '13:30:00', NULL, 8.5, 2),
(10, 5, '08:00:00', '15:00:00', '11:30:00', '12:00:00', NULL, 6.5, 2),
(12, 1, '08:00:00', '16:30:00', '11:30:00', '12:00:00', NULL, 8, 1),
(12, 2, '09:00:00', '17:30:00', '12:30:00', '13:00:00', NULL, 8, 1),
(12, 3, '11:30:00', '20:00:00', '14:00:00', '14:30:00', NULL, 8, 1),
(12, 4, '09:00:00', '17:30:00', '12:30:00', '13:00:00', NULL, 8, 1),
(12, 5, '10:00:00', '18:30:00', '13:30:00', '14:00:00', NULL, 8, 1),
(13, 1, '08:00:00', '17:30:00', '12:00:00', '12:30:00', NULL, 9, 1),
(13, 2, '11:30:00', '20:00:00', '15:00:00', '15:30:00', NULL, 8, 1),
(13, 3, '08:00:00', '17:00:00', '12:00:00', '12:30:00', NULL, 8.5, 1),
(13, 4, '08:00:00', '13:00:00', NULL, NULL, '', 5, 1),
(13, 5, '10:00:00', '18:30:00', '14:00:00', '14:30:00', NULL, 8, 1),
(14, 1, '10:00:00', '18:00:00', NULL, NULL, '', 6.5, 2),
(14, 2, '08:00:00', '16:00:00', NULL, NULL, '', 7.5, 2),
(14, 3, '10:00:00', '18:00:00', NULL, NULL, '', 7.5, 2),
(14, 4, '08:00:00', '16:00:00', NULL, NULL, '', 7.5, 2),
(14, 5, '11:00:00', '18:30:00', NULL, NULL, '', 7, 2),
(14, 5, '18:30:00', '20:00:00', NULL, NULL, '', 1.5, 1),
(16, 1, '11:00:00', '20:00:00', '15:00:00', '15:30:00', NULL, 8.5, 1),
(16, 2, '10:00:00', '18:00:00', '13:30:00', '14:00:00', NULL, 7.5, 1),
(16, 3, '09:00:00', '18:00:00', '13:00:00', '13:30:00', NULL, 8.5, 1),
(16, 4, '10:00:00', '18:00:00', '13:00:00', '13:30:00', NULL, 7.5, 1),
(16, 5, '09:00:00', '15:00:00', NULL, NULL, NULL, 6, 1),
(17, 1, '08:00:00', '15:00:00', NULL, NULL, NULL, 7, 2),
(17, 2, '10:30:00', '18:00:00', '13:30:00', '14:00:00', NULL, 7, 2),
(17, 3, '08:00:00', '15:00:00', NULL, NULL, NULL, 7, 2),
(17, 4, '13:00:00', '18:30:00', '13:30:00', '14:00:00', NULL, 5, 2),
(17, 4, '18:30:00', '20:00:00', NULL, NULL, NULL, 1.5, 1),
(17, 5, '08:00:00', '14:00:00', NULL, NULL, NULL, 6, 2),
(18, 1, '09:00:00', '18:30:00', '12:30:00', '13:00:00', NULL, 9, 1),
(18, 2, '09:30:00', '18:30:00', '13:00:00', '13:30:00', NULL, 8.5, 1),
(18, 3, '08:00:00', '14:30:00', '01:00:00', '01:00:00', '', 6.5, 1),
(18, 4, '08:30:00', '17:00:00', '12:00:00', '12:30:00', NULL, 8, 1),
(18, 5, '08:30:00', '17:00:00', '12:00:00', '12:30:00', NULL, 8, 1),
(19, 3, '13:45:00', '18:45:00', NULL, NULL, '', 5, 1),
(19, 4, '08:00:00', '13:00:00', NULL, NULL, '', 5, 1),
(21, 1, '12:00:00', '18:00:00', NULL, NULL, '-', 6, 3),
(21, 2, '10:00:00', '16:00:00', NULL, NULL, '-', 6, 3),
(21, 3, '12:00:00', '18:00:00', NULL, NULL, '-', 6, 3),
(21, 4, '12:00:00', '18:00:00', NULL, NULL, '-', 6, 3),
(21, 5, '12:00:00', '18:00:00', NULL, NULL, '-', 6, 3);

-- --------------------------------------------------------

--
-- Table structure for table `Grundplan_roll`
--

DROP TABLE IF EXISTS `Grundplan_roll`;
CREATE TABLE IF NOT EXISTS `Grundplan_roll` (
  `rotation_id` int(11) NOT NULL,
  `VK` tinyint(11) NOT NULL,
  `Wochentag` tinyint(4) NOT NULL,
  `Dienstbeginn` time DEFAULT NULL,
  `Dienstende` time DEFAULT NULL,
  `Mittagsbeginn` time DEFAULT NULL,
  `Mittagsende` time DEFAULT NULL,
  `Kommentar` text COLLATE latin1_german1_ci,
  `Stunden` float DEFAULT NULL,
  `Mandant` int(11) NOT NULL DEFAULT '1'
) ENGINE=InnoDB DEFAULT CHARSET=latin1 COLLATE=latin1_german1_ci;

--
-- Truncate table before insert `Grundplan_roll`
--

TRUNCATE TABLE `Grundplan_roll`;
-- --------------------------------------------------------

--
-- Table structure for table `maintenance`
--

DROP TABLE IF EXISTS `maintenance`;
CREATE TABLE IF NOT EXISTS `maintenance` (
  `id` enum('1') COLLATE latin1_german1_ci NOT NULL DEFAULT '1' COMMENT 'The ENUM(''1'') construct as primary key is used to prevent that more than one row can be entered to the table',
  `last_execution` timestamp NOT NULL DEFAULT CURRENT_TIMESTAMP ON UPDATE CURRENT_TIMESTAMP
) ENGINE=InnoDB DEFAULT CHARSET=latin1 COLLATE=latin1_german1_ci;

--
-- Truncate table before insert `maintenance`
--

TRUNCATE TABLE `maintenance`;
--
-- Dumping data for table `maintenance`
--

INSERT INTO `maintenance` (`id`, `last_execution`) VALUES
('1', '2018-11-13 09:55:20');

-- --------------------------------------------------------

--
-- Table structure for table `Notdienst`
--

DROP TABLE IF EXISTS `Notdienst`;
CREATE TABLE IF NOT EXISTS `Notdienst` (
  `VK` int(11) DEFAULT NULL,
  `Datum` date NOT NULL,
  `Mandant` int(11) NOT NULL DEFAULT '1'
) ENGINE=InnoDB DEFAULT CHARSET=latin1;

--
-- Truncate table before insert `Notdienst`
--

TRUNCATE TABLE `Notdienst`;
--
-- Dumping data for table `Notdienst`
--

INSERT INTO `Notdienst` (`VK`, `Datum`, `Mandant`) VALUES
(17, '2018-01-05', 2),
(9, '2018-01-10', 1),
(14, '2018-01-30', 2),
(9, '2018-02-04', 1),
(9, '2018-02-24', 2),
(13, '2018-03-01', 1),
(9, '2018-03-21', 2),
(9, '2018-03-26', 1),
(17, '2018-04-15', 2),
(13, '2018-04-20', 1),
(9, '2018-05-10', 2),
(5, '2018-05-15', 1),
(9, '2018-06-04', 2),
(9, '2018-06-09', 1),
(14, '2018-06-29', 2),
(13, '2018-07-04', 1),
(14, '2018-07-24', 2),
(13, '2018-07-29', 1),
(17, '2018-08-18', 2),
(5, '2018-08-23', 1),
(9, '2018-09-12', 2),
(13, '2018-09-17', 1),
(17, '2018-10-07', 2),
(5, '2018-10-12', 1),
(17, '2018-11-01', 2),
(13, '2018-11-06', 1),
(9, '2018-11-26', 2),
(13, '2018-12-01', 1),
(14, '2018-12-21', 2),
(13, '2018-12-26', 1);

-- --------------------------------------------------------

--
-- Table structure for table `opening_times`
--

DROP TABLE IF EXISTS `opening_times`;
CREATE TABLE IF NOT EXISTS `opening_times` (
  `weekday` tinyint(4) NOT NULL,
  `start` time NOT NULL,
  `end` time NOT NULL,
  `branch_id` tinyint(4) NOT NULL
) ENGINE=InnoDB DEFAULT CHARSET=latin1 COLLATE=latin1_german1_ci;

--
-- Truncate table before insert `opening_times`
--

TRUNCATE TABLE `opening_times`;
--
-- Dumping data for table `opening_times`
--

INSERT INTO `opening_times` (`weekday`, `start`, `end`, `branch_id`) VALUES
(1, '08:00:00', '20:00:00', 1),
(1, '08:00:00', '18:00:00', 2),
(2, '08:00:00', '20:00:00', 1),
(2, '08:00:00', '18:00:00', 2),
(3, '08:00:00', '20:00:00', 1),
(3, '08:00:00', '18:00:00', 2),
(4, '08:00:00', '20:00:00', 1),
(4, '08:00:00', '18:00:00', 2),
(5, '08:00:00', '20:00:00', 1),
(5, '08:00:00', '18:00:00', 2),
(6, '09:00:00', '18:00:00', 1);

-- --------------------------------------------------------

--
-- Table structure for table `pep`
--

DROP TABLE IF EXISTS `pep`;
CREATE TABLE IF NOT EXISTS `pep` (
  `hash` binary(32) NOT NULL,
  `Datum` date NOT NULL,
  `Zeit` time NOT NULL,
  `Anzahl` int(11) NOT NULL,
  `Mandant` int(11) DEFAULT '1'
) ENGINE=InnoDB DEFAULT CHARSET=latin1;

--
-- Truncate table before insert `pep`
--

TRUNCATE TABLE `pep`;
-- --------------------------------------------------------

--
-- Table structure for table `pep_month_day`
--

DROP TABLE IF EXISTS `pep_month_day`;
CREATE TABLE IF NOT EXISTS `pep_month_day` (
  `day` int(11) NOT NULL,
  `factor` float NOT NULL,
  `branch` int(11) NOT NULL
) ENGINE=InnoDB DEFAULT CHARSET=latin1;

--
-- Truncate table before insert `pep_month_day`
--

TRUNCATE TABLE `pep_month_day`;
--
-- Dumping data for table `pep_month_day`
--

INSERT INTO `pep_month_day` (`day`, `factor`, `branch`) VALUES
(1, 1.11469, 1),
(1, 1.14641, 2),
(2, 1.07612, 1),
(2, 1.07556, 2),
(3, 1.03086, 1),
(3, 1.17648, 2),
(4, 0.995878, 1),
(4, 0.854472, 2),
(5, 1.01107, 1),
(5, 1.16876, 2),
(6, 0.996623, 1),
(6, 1.04411, 2),
(7, 1.02427, 1),
(7, 1.20892, 2),
(8, 1.03126, 1),
(8, 1.18801, 2),
(9, 1.00821, 1),
(9, 0.856095, 2),
(10, 1.02095, 1),
(10, 0.978664, 2),
(11, 0.984691, 1),
(11, 0.88645, 2),
(12, 1.00064, 1),
(12, 0.898349, 2),
(13, 1.01495, 1),
(13, 0.974946, 2),
(14, 0.992595, 1),
(14, 1.2143, 2),
(15, 1.08109, 1),
(15, 0.915267, 2),
(16, 1.04846, 1),
(16, 1.04009, 2),
(17, 1.03074, 1),
(17, 0.936276, 2),
(18, 0.992121, 1),
(18, 1.02403, 2),
(19, 0.996385, 1),
(19, 1.12944, 2),
(20, 0.996153, 1),
(20, 0.923633, 2),
(21, 0.967807, 1),
(21, 1.02905, 2),
(22, 0.982163, 1),
(22, 0.948174, 2),
(23, 0.96958, 1),
(23, 0.940366, 2),
(24, 0.915303, 1),
(24, 0.871763, 2),
(25, 0.938289, 1),
(25, 0.856703, 2),
(26, 0.925694, 1),
(26, 0.936183, 2),
(27, 0.954878, 1),
(27, 1.00469, 2),
(28, 0.968685, 1),
(28, 0.979687, 2),
(29, 0.944595, 1),
(29, 0.952078, 2),
(30, 1.0202, 1),
(30, 0.994281, 2),
(31, 0.923615, 1),
(31, 0.918279, 2);

-- --------------------------------------------------------

--
-- Table structure for table `pep_weekday_time`
--

DROP TABLE IF EXISTS `pep_weekday_time`;
CREATE TABLE IF NOT EXISTS `pep_weekday_time` (
  `Uhrzeit` time NOT NULL,
  `Wochentag` int(11) NOT NULL COMMENT '0=Monday',
  `Mittelwert` float DEFAULT NULL,
  `Mandant` int(11) NOT NULL
) ENGINE=InnoDB DEFAULT CHARSET=latin1;

--
-- Truncate table before insert `pep_weekday_time`
--

TRUNCATE TABLE `pep_weekday_time`;
--
-- Dumping data for table `pep_weekday_time`
--

INSERT INTO `pep_weekday_time` (`Uhrzeit`, `Wochentag`, `Mittelwert`, `Mandant`) VALUES
('00:00:00', 0, 1.45, 1),
('00:00:00', 1, 1.6, 1),
('00:00:00', 2, 1.6, 1),
('00:00:00', 3, 1.9, 1),
('00:00:00', 5, 3.1, 1),
('00:15:00', 0, 1.3, 1),
('00:15:00', 1, 1.6, 2),
('00:15:00', 2, 1.975, 1),
('00:15:00', 3, 1.3, 1),
('00:15:00', 4, 1.9, 1),
('00:15:00', 5, 1.675, 1),
('00:15:00', 6, 1.9, 1),
('00:30:00', 1, 1.3, 1),
('00:30:00', 2, 1.6, 1),
('00:30:00', 3, 1.3, 1),
('00:30:00', 4, 1.6, 1),
('00:30:00', 4, 1.6, 2),
('00:30:00', 5, 1.8, 1),
('00:30:00', 6, 2.95, 1),
('00:45:00', 0, 2.5, 1),
('00:45:00', 1, 1.45, 1),
('00:45:00', 3, 2.2, 1),
('00:45:00', 4, 1.9, 1),
('00:45:00', 5, 1.6, 1),
('00:45:00', 6, 1.75, 1),
('01:00:00', 2, 1.6, 1),
('01:00:00', 3, 1.75, 1),
('01:00:00', 4, 1.9, 1),
('01:00:00', 5, 1.3, 1),
('01:00:00', 6, 1.6, 1),
('01:00:00', 6, 1.6, 2),
('01:15:00', 0, 1.9, 1),
('01:15:00', 1, 1.3, 1),
('01:15:00', 2, 1.6, 1),
('01:15:00', 4, 1.3, 1),
('01:15:00', 5, 1.45, 1),
('01:15:00', 6, 1.6, 1),
('01:15:00', 6, 1.6, 2),
('01:30:00', 3, 2.2, 1),
('01:30:00', 5, 1.45, 1),
('01:30:00', 6, 1.9, 1),
('01:45:00', 1, 2.2, 1),
('01:45:00', 2, 1.45, 1),
('01:45:00', 2, 1.6, 2),
('01:45:00', 4, 1.6, 1),
('01:45:00', 5, 1.6, 1),
('01:45:00', 6, 1.75, 1),
('02:00:00', 0, 1.45, 1),
('02:00:00', 2, 1.6, 1),
('02:00:00', 4, 1.6, 1),
('02:00:00', 6, 1.5, 1),
('02:15:00', 3, 1.6, 1),
('02:15:00', 5, 1.75, 1),
('02:15:00', 6, 1.6, 1),
('02:30:00', 3, 1.6, 1),
('02:30:00', 6, 1.75, 1),
('02:45:00', 2, 1.3, 1),
('02:45:00', 4, 1.45, 1),
('02:45:00', 5, 1.9, 1),
('02:45:00', 6, 1.6, 1),
('03:00:00', 2, 1.3, 1),
('03:00:00', 3, 1.9, 1),
('03:00:00', 4, 1.9, 2),
('03:15:00', 1, 1.6, 1),
('03:30:00', 5, 1.6, 1),
('03:30:00', 6, 1.6, 1),
('03:45:00', 0, 1.3, 1),
('03:45:00', 5, 1.9, 1),
('04:00:00', 4, 1.6, 1),
('04:00:00', 6, 1.6, 2),
('04:15:00', 1, 1.6, 1),
('04:15:00', 6, 1.75, 1),
('04:15:00', 6, 1.6, 2),
('04:30:00', 1, 1.6, 1),
('04:30:00', 5, 1.6, 1),
('05:00:00', 2, 1.6, 1),
('05:00:00', 6, 1.6, 1),
('05:15:00', 5, 1.6, 1),
('05:30:00', 1, 1.6, 1),
('05:30:00', 3, 1.9, 1),
('05:30:00', 6, 1.9, 1),
('05:45:00', 5, 1.6, 1),
('06:00:00', 1, 1.3, 1),
('06:00:00', 5, 1.9, 1),
('06:15:00', 0, 1.4, 1),
('06:15:00', 6, 1.9, 1),
('06:30:00', 1, 1.45, 1),
('06:30:00', 2, 1.9, 1),
('06:30:00', 6, 1.6, 1),
('06:45:00', 0, 1.3, 1),
('06:45:00', 5, 1.3, 1),
('07:00:00', 1, 1.3, 1),
('07:00:00', 3, 1.6, 1),
('07:00:00', 5, 2.2, 1),
('07:00:00', 6, 1.7, 1),
('07:00:00', 6, 2.2, 2),
('07:15:00', 0, 1.3, 1),
('07:15:00', 1, 1.6, 1),
('07:15:00', 3, 1.9, 1),
('07:15:00', 3, 1.6, 2),
('07:15:00', 4, 1.7, 1),
('07:15:00', 6, 2.35, 1),
('07:15:00', 6, 2.35, 2),
('07:30:00', 0, 2.2, 1),
('07:30:00', 0, 1.6, 2),
('07:30:00', 1, 1.4, 1),
('07:30:00', 2, 1.46875, 1),
('07:30:00', 3, 1.375, 1),
('07:30:00', 4, 1.825, 1),
('07:30:00', 6, 1.7, 1),
('07:45:00', 0, 1.59, 1),
('07:45:00', 1, 1.6675, 1),
('07:45:00', 2, 1.975, 1),
('07:45:00', 2, 1.6, 2),
('07:45:00', 3, 1.62903, 1),
('07:45:00', 4, 1.5, 1),
('07:45:00', 4, 1.9, 2),
('07:45:00', 5, 1.9, 1),
('07:45:00', 6, 1.6, 1),
('08:00:00', 0, 2.16815, 1),
('08:00:00', 0, 1.82, 2),
('08:00:00', 1, 2.03591, 1),
('08:00:00', 1, 1.84375, 2),
('08:00:00', 2, 2.08535, 1),
('08:00:00', 2, 1.80526, 2),
('08:00:00', 3, 1.88981, 1),
('08:00:00', 3, 1.3375, 2),
('08:00:00', 4, 2.14139, 1),
('08:00:00', 4, 2.18125, 2),
('08:00:00', 5, 1.75, 1),
('08:00:00', 6, 1.55, 1),
('08:15:00', 0, 3.2314, 1),
('08:15:00', 0, 1.75, 2),
('08:15:00', 1, 3.23265, 1),
('08:15:00', 1, 2.14444, 2),
('08:15:00', 2, 3.03462, 1),
('08:15:00', 2, 1.64138, 2),
('08:15:00', 3, 3.08254, 1),
('08:15:00', 3, 2.06667, 2),
('08:15:00', 4, 2.97638, 1),
('08:15:00', 4, 1.81562, 2),
('08:15:00', 5, 1.6, 1),
('08:15:00', 6, 1.8, 1),
('08:15:00', 6, 1.6, 2),
('08:30:00', 0, 3.73342, 1),
('08:30:00', 0, 2.3054, 2),
('08:30:00', 1, 3.59925, 1),
('08:30:00', 1, 2.45833, 2),
('08:30:00', 2, 3.74307, 1),
('08:30:00', 2, 2.01053, 2),
('08:30:00', 3, 3.4445, 1),
('08:30:00', 3, 2.06452, 2),
('08:30:00', 4, 3.48286, 1),
('08:30:00', 4, 2.02857, 2),
('08:30:00', 5, 1.42, 1),
('08:30:00', 5, 2.8, 2),
('08:30:00', 6, 2.15714, 1),
('08:30:00', 6, 1.6, 2),
('08:45:00', 0, 4.42435, 1),
('08:45:00', 0, 2.03256, 2),
('08:45:00', 1, 4.13152, 1),
('08:45:00', 1, 2.2225, 2),
('08:45:00', 2, 4.33927, 1),
('08:45:00', 2, 2.28182, 2),
('08:45:00', 3, 4.13734, 1),
('08:45:00', 3, 1.92791, 2),
('08:45:00', 4, 3.9876, 1),
('08:45:00', 4, 2.2225, 2),
('08:45:00', 5, 1.6, 1),
('08:45:00', 5, 1.9, 2),
('08:45:00', 6, 2.2, 1),
('09:00:00', 0, 5.02957, 1),
('09:00:00', 0, 2.63571, 2),
('09:00:00', 1, 4.79185, 1),
('09:00:00', 1, 1.89286, 2),
('09:00:00', 2, 4.70863, 1),
('09:00:00', 2, 2.49348, 2),
('09:00:00', 3, 4.13863, 1),
('09:00:00', 3, 2.215, 2),
('09:00:00', 4, 4.42609, 1),
('09:00:00', 4, 2.22143, 2),
('09:00:00', 5, 2.07892, 1),
('09:00:00', 5, 5.8, 2),
('09:00:00', 6, 1.78, 1),
('09:00:00', 6, 2.05, 2),
('09:15:00', 0, 5.9377, 1),
('09:15:00', 0, 2.50698, 2),
('09:15:00', 1, 5.85061, 1),
('09:15:00', 1, 2.16591, 2),
('09:15:00', 2, 5.96848, 1),
('09:15:00', 2, 2.38409, 2),
('09:15:00', 3, 5.55757, 1),
('09:15:00', 3, 2.15385, 2),
('09:15:00', 4, 5.44912, 1),
('09:15:00', 4, 2.59231, 2),
('09:15:00', 5, 2.70131, 1),
('09:15:00', 5, 3.7, 2),
('09:15:00', 6, 2.91539, 1),
('09:30:00', 0, 6.14386, 1),
('09:30:00', 0, 2.65319, 2),
('09:30:00', 1, 6.46675, 1),
('09:30:00', 1, 2.29184, 2),
('09:30:00', 2, 6.11626, 1),
('09:30:00', 2, 2.13617, 2),
('09:30:00', 3, 5.60302, 1),
('09:30:00', 3, 2.22308, 2),
('09:30:00', 4, 6.07948, 1),
('09:30:00', 4, 2.56279, 2),
('09:30:00', 5, 3.1701, 1),
('09:30:00', 5, 1.6, 2),
('09:30:00', 6, 2.30714, 1),
('09:45:00', 0, 7.03078, 1),
('09:45:00', 0, 2.2, 2),
('09:45:00', 1, 7.38508, 1),
('09:45:00', 1, 2.10204, 2),
('09:45:00', 2, 7.02661, 1),
('09:45:00', 2, 2.3125, 2),
('09:45:00', 3, 6.6985, 1),
('09:45:00', 3, 1.9878, 2),
('09:45:00', 4, 7.28026, 1),
('09:45:00', 4, 2.52857, 2),
('09:45:00', 5, 3.8203, 1),
('09:45:00', 5, 6.7, 2),
('09:45:00', 6, 2.44, 1),
('09:45:00', 6, 2.65, 2),
('10:00:00', 0, 7.68364, 1),
('10:00:00', 0, 2.62128, 2),
('10:00:00', 1, 7.51858, 1),
('10:00:00', 1, 2.66364, 2),
('10:00:00', 2, 7.48696, 1),
('10:00:00', 2, 2.77273, 2),
('10:00:00', 3, 6.97582, 1),
('10:00:00', 3, 1.9825, 2),
('10:00:00', 4, 7.47241, 1),
('10:00:00', 4, 2.53333, 2),
('10:00:00', 5, 3.97382, 1),
('10:00:00', 5, 2.05, 2),
('10:00:00', 6, 2.96363, 1),
('10:00:00', 6, 4, 2),
('10:15:00', 0, 8.70487, 1),
('10:15:00', 0, 2.25745, 2),
('10:15:00', 1, 8.00857, 1),
('10:15:00', 1, 2.2225, 2),
('10:15:00', 2, 7.8409, 1),
('10:15:00', 2, 2.73333, 2),
('10:15:00', 3, 7.35529, 1),
('10:15:00', 3, 1.9225, 2),
('10:15:00', 4, 7.66609, 1),
('10:15:00', 4, 2.48605, 2),
('10:15:00', 5, 4.28044, 1),
('10:15:00', 5, 3.25, 2),
('10:15:00', 6, 3.30625, 1),
('10:15:00', 6, 2.8, 2),
('10:30:00', 0, 9.01561, 1),
('10:30:00', 0, 2.18043, 2),
('10:30:00', 1, 8.38045, 1),
('10:30:00', 1, 2.68511, 2),
('10:30:00', 2, 8.2207, 1),
('10:30:00', 2, 2.16, 2),
('10:30:00', 3, 7.4791, 1),
('10:30:00', 3, 2.33171, 2),
('10:30:00', 4, 7.92886, 1),
('10:30:00', 4, 2.29545, 2),
('10:30:00', 5, 4.68061, 1),
('10:30:00', 5, 4.45, 2),
('10:30:00', 6, 2.90588, 1),
('10:30:00', 6, 3.7, 2),
('10:45:00', 0, 9.27571, 1),
('10:45:00', 0, 2.48125, 2),
('10:45:00', 1, 8.68924, 1),
('10:45:00', 1, 2.41702, 2),
('10:45:00', 2, 8.49187, 1),
('10:45:00', 2, 2.51276, 2),
('10:45:00', 3, 8.59522, 1),
('10:45:00', 3, 2.78043, 2),
('10:45:00', 4, 8.21824, 1),
('10:45:00', 4, 2.74894, 2),
('10:45:00', 5, 4.97743, 1),
('10:45:00', 5, 1.6, 2),
('10:45:00', 6, 3.475, 1),
('11:00:00', 0, 9.28261, 1),
('11:00:00', 0, 2.49302, 2),
('11:00:00', 1, 9.25918, 1),
('11:00:00', 1, 2.66046, 2),
('11:00:00', 2, 8.03893, 1),
('11:00:00', 2, 2.63954, 2),
('11:00:00', 3, 7.88107, 1),
('11:00:00', 3, 2.40233, 2),
('11:00:00', 4, 8.05873, 1),
('11:00:00', 4, 2.96304, 2),
('11:00:00', 5, 4.98412, 1),
('11:00:00', 5, 2.2, 2),
('11:00:00', 6, 2.65882, 1),
('11:00:00', 6, 3.25, 2),
('11:15:00', 0, 8.82838, 1),
('11:15:00', 0, 2.7617, 2),
('11:15:00', 1, 7.69609, 1),
('11:15:00', 1, 2.36046, 2),
('11:15:00', 2, 8.08546, 1),
('11:15:00', 2, 3.22, 2),
('11:15:00', 3, 8.0194, 1),
('11:15:00', 3, 2.62273, 2),
('11:15:00', 4, 8.41495, 1),
('11:15:00', 4, 2.31087, 2),
('11:15:00', 5, 5.13523, 1),
('11:15:00', 5, 2.95, 2),
('11:15:00', 6, 3.31176, 1),
('11:15:00', 6, 2.2, 2),
('11:30:00', 0, 8.81917, 1),
('11:30:00', 0, 2.25106, 2),
('11:30:00', 1, 8.12446, 1),
('11:30:00', 1, 3.22955, 2),
('11:30:00', 2, 7.84384, 1),
('11:30:00', 2, 2.6102, 2),
('11:30:00', 3, 7.67254, 1),
('11:30:00', 3, 2.30909, 2),
('11:30:00', 4, 7.63495, 1),
('11:30:00', 4, 2.70233, 2),
('11:30:00', 5, 5.27743, 1),
('11:30:00', 5, 3.25, 2),
('11:30:00', 6, 2.88, 1),
('11:30:00', 6, 5.35, 2),
('11:45:00', 0, 8.09413, 1),
('11:45:00', 0, 3.11915, 2),
('11:45:00', 1, 8.26822, 1),
('11:45:00', 1, 2.83261, 2),
('11:45:00', 2, 8.19112, 1),
('11:45:00', 2, 2.82, 2),
('11:45:00', 3, 7.38766, 1),
('11:45:00', 3, 2.28571, 2),
('11:45:00', 4, 7.81342, 1),
('11:45:00', 4, 2.37333, 2),
('11:45:00', 5, 5.11291, 1),
('11:45:00', 5, 2.8, 2),
('11:45:00', 6, 2.85294, 1),
('11:45:00', 6, 2.95, 2),
('12:00:00', 0, 8.02276, 1),
('12:00:00', 0, 2.72041, 2),
('12:00:00', 1, 7.75918, 1),
('12:00:00', 1, 2.19333, 2),
('12:00:00', 2, 7.35838, 1),
('12:00:00', 2, 2.35294, 2),
('12:00:00', 3, 8.39044, 1),
('12:00:00', 3, 2.33333, 2),
('12:00:00', 4, 7.37596, 1),
('12:00:00', 4, 2.19362, 2),
('12:00:00', 5, 5.36899, 1),
('12:00:00', 5, 2.35, 2),
('12:00:00', 6, 2.8, 1),
('12:00:00', 6, 1.9, 2),
('12:15:00', 0, 7.29004, 1),
('12:15:00', 0, 2.43864, 2),
('12:15:00', 1, 7.62493, 1),
('12:15:00', 1, 2.25, 2),
('12:15:00', 2, 7.25197, 1),
('12:15:00', 2, 3.59787, 2),
('12:15:00', 3, 7.13527, 1),
('12:15:00', 3, 2.47391, 2),
('12:15:00', 4, 6.9529, 1),
('12:15:00', 4, 2.21333, 2),
('12:15:00', 5, 5.05855, 1),
('12:15:00', 5, 5.35, 2),
('12:15:00', 6, 3.06, 1),
('12:15:00', 6, 4, 2),
('12:30:00', 0, 6.93247, 1),
('12:30:00', 0, 2.26383, 2),
('12:30:00', 1, 6.67213, 1),
('12:30:00', 1, 2.04348, 2),
('12:30:00', 2, 6.87511, 1),
('12:30:00', 2, 2.33696, 2),
('12:30:00', 3, 6.68791, 1),
('12:30:00', 3, 2.72, 2),
('12:30:00', 4, 6.97723, 1),
('12:30:00', 4, 2.4025, 2),
('12:30:00', 5, 5.18287, 1),
('12:30:00', 5, 4.15, 2),
('12:30:00', 6, 3.01429, 1),
('12:30:00', 6, 1.9, 2),
('12:45:00', 0, 6.52813, 1),
('12:45:00', 0, 2.6275, 2),
('12:45:00', 1, 6.93178, 1),
('12:45:00', 1, 3.13409, 2),
('12:45:00', 2, 6.07267, 1),
('12:45:00', 2, 2.41333, 2),
('12:45:00', 3, 6.13627, 1),
('12:45:00', 3, 2.39773, 2),
('12:45:00', 4, 6.80632, 1),
('12:45:00', 4, 1.98684, 2),
('12:45:00', 5, 5.27221, 1),
('12:45:00', 5, 2.35, 2),
('12:45:00', 6, 2.35, 1),
('12:45:00', 6, 1.6, 2),
('13:00:00', 0, 6.49054, 1),
('13:00:00', 0, 2.15227, 2),
('13:00:00', 1, 6.17116, 1),
('13:00:00', 1, 2.11951, 2),
('13:00:00', 2, 6.1207, 1),
('13:00:00', 2, 2.05, 2),
('13:00:00', 3, 6.02518, 1),
('13:00:00', 3, 2.33171, 2),
('13:00:00', 4, 5.99596, 1),
('13:00:00', 4, 2.16428, 2),
('13:00:00', 5, 5.15161, 1),
('13:00:00', 5, 3.1, 2),
('13:00:00', 6, 2.58571, 1),
('13:00:00', 6, 2.35, 2),
('13:15:00', 0, 5.74015, 1),
('13:15:00', 0, 2.15909, 2),
('13:15:00', 1, 5.89975, 1),
('13:15:00', 1, 2.15333, 2),
('13:15:00', 2, 5.55616, 1),
('13:15:00', 2, 3.10698, 2),
('13:15:00', 3, 5.60758, 1),
('13:15:00', 3, 2.33902, 2),
('13:15:00', 4, 5.79925, 1),
('13:15:00', 4, 2.03954, 2),
('13:15:00', 5, 5.06155, 1),
('13:15:00', 5, 3.7, 2),
('13:15:00', 6, 3.10492, 1),
('13:15:00', 6, 1.9, 2),
('13:30:00', 0, 5.52379, 1),
('13:30:00', 0, 2.87333, 2),
('13:30:00', 1, 5.68336, 1),
('13:30:00', 1, 2.18723, 2),
('13:30:00', 2, 5.56873, 1),
('13:30:00', 2, 2.36098, 2),
('13:30:00', 3, 5.49622, 1),
('13:30:00', 3, 2.37442, 2),
('13:30:00', 4, 5.70961, 1),
('13:30:00', 4, 2.18378, 2),
('13:30:00', 5, 5.25286, 1),
('13:30:00', 5, 2.2, 2),
('13:30:00', 6, 3.24237, 1),
('13:30:00', 6, 3.4, 2),
('13:45:00', 0, 5.52838, 1),
('13:45:00', 0, 2.03256, 2),
('13:45:00', 1, 5.28361, 1),
('13:45:00', 1, 3.085, 2),
('13:45:00', 2, 5.13481, 1),
('13:45:00', 2, 1.84894, 2),
('13:45:00', 3, 5.19622, 1),
('13:45:00', 3, 2.30909, 2),
('13:45:00', 4, 5.6557, 1),
('13:45:00', 4, 2.16842, 2),
('13:45:00', 5, 5.09056, 1),
('13:45:00', 5, 1.9, 2),
('13:45:00', 6, 3.44355, 1),
('13:45:00', 6, 1.6, 2),
('14:00:00', 0, 5.4532, 1),
('14:00:00', 0, 2.92, 2),
('14:00:00', 1, 5.15452, 1),
('14:00:00', 1, 2.07727, 2),
('14:00:00', 2, 5.02297, 1),
('14:00:00', 2, 2.90465, 2),
('14:00:00', 3, 5.17432, 1),
('14:00:00', 3, 2.28182, 2),
('14:00:00', 4, 5.42767, 1),
('14:00:00', 4, 2.44857, 2),
('14:00:00', 5, 5.09356, 1),
('14:00:00', 5, 2.05, 2),
('14:00:00', 6, 3.55246, 1),
('14:00:00', 6, 1.6, 2),
('14:15:00', 0, 5.71693, 1),
('14:15:00', 0, 2.15909, 2),
('14:15:00', 1, 5.6044, 1),
('14:15:00', 1, 2.40455, 2),
('14:15:00', 2, 4.86889, 1),
('14:15:00', 2, 1.90857, 2),
('14:15:00', 3, 5.42632, 1),
('14:15:00', 3, 1.98, 2),
('14:15:00', 4, 5.81752, 1),
('14:15:00', 4, 2.09091, 2),
('14:15:00', 5, 5.18434, 1),
('14:15:00', 5, 4, 2),
('14:15:00', 6, 3.65714, 1),
('14:30:00', 0, 6.00385, 1),
('14:30:00', 0, 2.30667, 2),
('14:30:00', 1, 5.4919, 1),
('14:30:00', 1, 2.44667, 2),
('14:30:00', 2, 4.7074, 1),
('14:30:00', 2, 2.18286, 2),
('14:30:00', 3, 5.59798, 1),
('14:30:00', 3, 2.17955, 2),
('14:30:00', 4, 5.31496, 1),
('14:30:00', 4, 2.47273, 2),
('14:30:00', 5, 5.12686, 1),
('14:30:00', 5, 2.05, 2),
('14:30:00', 6, 3.41475, 1),
('14:30:00', 6, 2.5, 2),
('14:45:00', 0, 6.15463, 1),
('14:45:00', 0, 2.25106, 2),
('14:45:00', 1, 5.90689, 1),
('14:45:00', 1, 3.16875, 2),
('14:45:00', 2, 4.80295, 1),
('14:45:00', 2, 1.85135, 2),
('14:45:00', 3, 6.0286, 1),
('14:45:00', 3, 2.28478, 2),
('14:45:00', 4, 5.20612, 1),
('14:45:00', 4, 2.02439, 2),
('14:45:00', 5, 5.17537, 1),
('14:45:00', 5, 2.65, 2),
('14:45:00', 6, 3.9, 1),
('14:45:00', 6, 2.2, 2),
('15:00:00', 0, 6.23308, 1),
('15:00:00', 0, 2.00714, 2),
('15:00:00', 1, 5.86912, 1),
('15:00:00', 1, 2.94667, 2),
('15:00:00', 2, 4.71778, 1),
('15:00:00', 2, 2.08947, 2),
('15:00:00', 3, 5.86684, 1),
('15:00:00', 3, 2.2, 2),
('15:00:00', 4, 5.05228, 1),
('15:00:00', 4, 1.8925, 2),
('15:00:00', 5, 5.03284, 1),
('15:00:00', 5, 3.55, 2),
('15:00:00', 6, 3.71429, 1),
('15:00:00', 6, 2.65, 2),
('15:15:00', 0, 6.39847, 1),
('15:15:00', 0, 2.35349, 2),
('15:15:00', 1, 6.30736, 1),
('15:15:00', 1, 2.3125, 2),
('15:15:00', 2, 4.66297, 1),
('15:15:00', 2, 1.94884, 2),
('15:15:00', 3, 5.97166, 1),
('15:15:00', 3, 1.88571, 2),
('15:15:00', 4, 5.18629, 1),
('15:15:00', 4, 1.94616, 2),
('15:15:00', 5, 4.74031, 1),
('15:15:00', 5, 2.35, 2),
('15:15:00', 6, 3.66558, 1),
('15:15:00', 6, 2.5, 2),
('15:30:00', 0, 6.22924, 1),
('15:30:00', 0, 2.76429, 2),
('15:30:00', 1, 6.40882, 1),
('15:30:00', 1, 2.15, 2),
('15:30:00', 2, 4.50742, 1),
('15:30:00', 2, 2.07027, 2),
('15:30:00', 3, 6.4843, 1),
('15:30:00', 3, 2.72174, 2),
('15:30:00', 4, 5.01727, 1),
('15:30:00', 4, 1.69167, 2),
('15:30:00', 5, 4.79179, 1),
('15:30:00', 5, 1.6, 2),
('15:30:00', 6, 3.37049, 1),
('15:30:00', 6, 3.1, 2),
('15:45:00', 0, 6.74539, 1),
('15:45:00', 0, 2.45435, 2),
('15:45:00', 1, 6.54043, 1),
('15:45:00', 1, 2.14, 2),
('15:45:00', 2, 4.70323, 1),
('15:45:00', 2, 1.79355, 2),
('15:45:00', 3, 6.34834, 1),
('15:45:00', 3, 2.2375, 2),
('15:45:00', 4, 5.0797, 1),
('15:45:00', 4, 2.05429, 2),
('15:45:00', 5, 4.72612, 1),
('15:45:00', 5, 3.1, 2),
('15:45:00', 6, 3.55968, 1),
('15:45:00', 6, 2.2, 2),
('16:00:00', 0, 6.3277, 1),
('16:00:00', 0, 2.34634, 2),
('16:00:00', 1, 6.78751, 1),
('16:00:00', 1, 2.37872, 2),
('16:00:00', 2, 4.54282, 1),
('16:00:00', 2, 1.915, 2),
('16:00:00', 3, 6.17461, 1),
('16:00:00', 3, 2.7093, 2),
('16:00:00', 4, 5.00737, 1),
('16:00:00', 4, 2.21429, 2),
('16:00:00', 5, 4.73806, 1),
('16:00:00', 5, 3.1, 2),
('16:00:00', 6, 3.47619, 1),
('16:00:00', 6, 1.9, 2),
('16:15:00', 0, 6.19924, 1),
('16:15:00', 0, 2.08, 2),
('16:15:00', 1, 6.56104, 1),
('16:15:00', 1, 2.28, 2),
('16:15:00', 2, 4.57333, 1),
('16:15:00', 2, 1.97105, 2),
('16:15:00', 3, 6.60886, 1),
('16:15:00', 3, 2.57857, 2),
('16:15:00', 4, 5.05381, 1),
('16:15:00', 4, 1.95, 2),
('16:15:00', 5, 4.88956, 1),
('16:15:00', 5, 1.6, 2),
('16:15:00', 6, 3.41875, 1),
('16:15:00', 6, 2.8, 2),
('16:30:00', 0, 6.01615, 1),
('16:30:00', 0, 2.26, 2),
('16:30:00', 1, 6.57793, 1),
('16:30:00', 1, 2.2, 2),
('16:30:00', 2, 4.62073, 1),
('16:30:00', 2, 2.08461, 2),
('16:30:00', 3, 6.31396, 1),
('16:30:00', 3, 2.38913, 2),
('16:30:00', 4, 5.0104, 1),
('16:30:00', 4, 1.9, 2),
('16:30:00', 5, 4.6903, 1),
('16:30:00', 5, 2.8, 2),
('16:30:00', 6, 3.61356, 1),
('16:30:00', 6, 2.05, 2),
('16:45:00', 0, 5.9077, 1),
('16:45:00', 0, 2.4, 2),
('16:45:00', 1, 6.50956, 1),
('16:45:00', 1, 2.81957, 2),
('16:45:00', 2, 4.91407, 1),
('16:45:00', 2, 1.89268, 2),
('16:45:00', 3, 6.29899, 1),
('16:45:00', 3, 2.51364, 2),
('16:45:00', 4, 4.86877, 1),
('16:45:00', 4, 1.97895, 2),
('16:45:00', 5, 4.66285, 1),
('16:45:00', 5, 2.2, 2),
('16:45:00', 6, 3.57586, 1),
('16:45:00', 6, 2.8, 2),
('17:00:00', 0, 6.06463, 1),
('17:00:00', 0, 1.78571, 2),
('17:00:00', 1, 6.53014, 1),
('17:00:00', 1, 2.38367, 2),
('17:00:00', 2, 4.81981, 1),
('17:00:00', 2, 2.32308, 2),
('17:00:00', 3, 6.3514, 1),
('17:00:00', 3, 2.21915, 2),
('17:00:00', 4, 4.64341, 1),
('17:00:00', 4, 2.41176, 2),
('17:00:00', 5, 4.37314, 1),
('17:00:00', 5, 1.6, 2),
('17:00:00', 6, 3.275, 1),
('17:00:00', 6, 2.35, 2),
('17:15:00', 0, 5.6377, 1),
('17:15:00', 0, 2.11, 2),
('17:15:00', 1, 6.35809, 1),
('17:15:00', 1, 2.62245, 2),
('17:15:00', 2, 4.9726, 1),
('17:15:00', 2, 3.1675, 2),
('17:15:00', 3, 6.36733, 1),
('17:15:00', 3, 2.41818, 2),
('17:15:00', 4, 4.33273, 1),
('17:15:00', 4, 2.44324, 2),
('17:15:00', 5, 4.4818, 1),
('17:15:00', 5, 3.1, 2),
('17:15:00', 6, 3.20161, 1),
('17:15:00', 6, 2.2, 2),
('17:30:00', 0, 5.49154, 1),
('17:30:00', 0, 2.03902, 2),
('17:30:00', 1, 5.88016, 1),
('17:30:00', 1, 2.38, 2),
('17:30:00', 2, 4.25248, 1),
('17:30:00', 2, 1.99429, 2),
('17:30:00', 3, 6.27697, 1),
('17:30:00', 3, 2.1, 2),
('17:30:00', 4, 4.35712, 1),
('17:30:00', 4, 2.13684, 2),
('17:30:00', 5, 4.33366, 1),
('17:30:00', 5, 4.3, 2),
('17:30:00', 6, 2.84426, 1),
('17:30:00', 6, 2.2, 2),
('17:45:00', 0, 5.04922, 1),
('17:45:00', 0, 1.93658, 2),
('17:45:00', 1, 5.26324, 1),
('17:45:00', 1, 2.79268, 2),
('17:45:00', 2, 4.41406, 1),
('17:45:00', 2, 1.92857, 2),
('17:45:00', 3, 5.76118, 1),
('17:45:00', 3, 2.4475, 2),
('17:45:00', 4, 4.35448, 1),
('17:45:00', 4, 1.85588, 2),
('17:45:00', 5, 4.18525, 1),
('17:45:00', 5, 3.1, 2),
('17:45:00', 6, 2.45345, 1),
('17:45:00', 6, 2.95, 2),
('18:00:00', 0, 4.94614, 1),
('18:00:00', 0, 1.99375, 2),
('18:00:00', 1, 5.17942, 1),
('18:00:00', 1, 1.76875, 2),
('18:00:00', 2, 4.26055, 1),
('18:00:00', 2, 1.68276, 2),
('18:00:00', 3, 5.17798, 1),
('18:00:00', 3, 2.14545, 2),
('18:00:00', 4, 3.98477, 1),
('18:00:00', 4, 2.0125, 2),
('18:00:00', 5, 3.06569, 1),
('18:00:00', 5, 4, 2),
('18:00:00', 6, 2.11137, 1),
('18:00:00', 6, 2.35, 2),
('18:15:00', 0, 4.41877, 1),
('18:15:00', 0, 1.3, 2),
('18:15:00', 1, 4.33825, 1),
('18:15:00', 1, 2.2, 2),
('18:15:00', 2, 3.79552, 1),
('18:15:00', 3, 4.61596, 1),
('18:15:00', 3, 3.4, 2),
('18:15:00', 4, 3.61298, 1),
('18:15:00', 5, 3.14884, 1),
('18:15:00', 5, 2.2, 2),
('18:15:00', 6, 2.33846, 1),
('18:15:00', 6, 1.75, 2),
('18:30:00', 0, 3.8616, 1),
('18:30:00', 0, 1.6, 2),
('18:30:00', 1, 4.06429, 1),
('18:30:00', 2, 3.40224, 1),
('18:30:00', 3, 4.10632, 1),
('18:30:00', 3, 2.5, 2),
('18:30:00', 4, 3.57724, 1),
('18:30:00', 5, 3.25484, 1),
('18:30:00', 5, 1.45, 2),
('18:30:00', 6, 2.35, 1),
('18:30:00', 6, 1.6, 2),
('18:45:00', 0, 3.46451, 1),
('18:45:00', 1, 3.99483, 1),
('18:45:00', 1, 2.3, 2),
('18:45:00', 2, 3.574, 1),
('18:45:00', 3, 3.72602, 1),
('18:45:00', 4, 3.46215, 1),
('18:45:00', 5, 3.15455, 1),
('18:45:00', 5, 1.75, 2),
('18:45:00', 6, 2.22143, 1),
('18:45:00', 6, 2.05, 2),
('19:00:00', 0, 3.12713, 1),
('19:00:00', 1, 3.29827, 1),
('19:00:00', 1, 2.2, 2),
('19:00:00', 2, 3.2907, 1),
('19:00:00', 3, 3.51077, 1),
('19:00:00', 3, 4.3, 2),
('19:00:00', 4, 3.22448, 1),
('19:00:00', 5, 2.90909, 1),
('19:00:00', 5, 2.35, 2),
('19:00:00', 6, 4.46155, 1),
('19:00:00', 6, 2.05, 2),
('19:15:00', 0, 2.99055, 1),
('19:15:00', 1, 3.12475, 1),
('19:15:00', 1, 1.9, 2),
('19:15:00', 2, 3.05714, 1),
('19:15:00', 2, 1.6, 2),
('19:15:00', 3, 3.23033, 1),
('19:15:00', 3, 1.3, 2),
('19:15:00', 4, 3, 1),
('19:15:00', 5, 3.48571, 1),
('19:15:00', 5, 1.3, 2),
('19:15:00', 6, 2.25, 1),
('19:15:00', 6, 1.9, 2),
('19:30:00', 0, 2.52282, 1),
('19:30:00', 1, 2.73482, 1),
('19:30:00', 1, 1.3, 2),
('19:30:00', 2, 2.42913, 1),
('19:30:00', 3, 2.44768, 1),
('19:30:00', 3, 1.6, 2),
('19:30:00', 4, 2.55203, 1),
('19:30:00', 4, 2.2, 2),
('19:30:00', 5, 2.77, 1),
('19:30:00', 5, 1.3, 2),
('19:30:00', 6, 2.33846, 1),
('19:30:00', 6, 2.2, 2),
('19:45:00', 0, 2.58318, 1),
('19:45:00', 1, 2.48018, 1),
('19:45:00', 2, 2.38261, 1),
('19:45:00', 3, 2.21826, 1),
('19:45:00', 4, 2.70127, 1),
('19:45:00', 4, 1.3, 2),
('19:45:00', 5, 2.6, 1),
('19:45:00', 5, 3.7, 2),
('19:45:00', 6, 2.2, 1),
('19:45:00', 6, 5.2, 2),
('20:00:00', 0, 1.96797, 1),
('20:00:00', 1, 2.03379, 1),
('20:00:00', 2, 1.78222, 1),
('20:00:00', 2, 1.3, 2),
('20:00:00', 3, 1.79587, 1),
('20:00:00', 3, 2.8, 2),
('20:00:00', 4, 1.93357, 1),
('20:00:00', 5, 2.38, 1),
('20:00:00', 5, 2.5, 2),
('20:00:00', 6, 2.56667, 1),
('20:00:00', 6, 3.1, 2),
('20:15:00', 0, 1.65455, 1),
('20:15:00', 1, 2.05, 1),
('20:15:00', 1, 1.6, 2),
('20:15:00', 2, 2.62857, 1),
('20:15:00', 3, 2.6125, 1),
('20:15:00', 3, 2.35, 2),
('20:15:00', 4, 2.3875, 1),
('20:15:00', 5, 2.28571, 1),
('20:15:00', 5, 1.9, 2),
('20:15:00', 6, 1.87273, 1),
('20:15:00', 6, 1.75, 2),
('20:30:00', 0, 1.81, 1),
('20:30:00', 0, 1.3, 2),
('20:30:00', 1, 2.3, 1),
('20:30:00', 2, 1.87, 1),
('20:30:00', 3, 1.77143, 1),
('20:30:00', 3, 1.6, 2),
('20:30:00', 4, 2.9, 1),
('20:30:00', 4, 1.75, 2),
('20:30:00', 5, 2.24839, 1),
('20:30:00', 6, 2.07143, 1),
('20:45:00', 0, 2.13333, 1),
('20:45:00', 1, 1.72, 1),
('20:45:00', 2, 1.6, 1),
('20:45:00', 2, 1.75, 2),
('20:45:00', 3, 2.25, 1),
('20:45:00', 4, 2.32857, 1),
('20:45:00', 4, 1.9, 2),
('20:45:00', 5, 2.46667, 1),
('20:45:00', 5, 1.75, 2),
('20:45:00', 6, 1.675, 1),
('20:45:00', 6, 1.9, 2),
('21:00:00', 0, 2.24286, 1),
('21:00:00', 0, 1.6, 2),
('21:00:00', 1, 2.2, 1),
('21:00:00', 2, 1.84, 1),
('21:00:00', 3, 1.7, 1),
('21:00:00', 4, 1.86667, 1),
('21:00:00', 4, 3.4, 2),
('21:00:00', 5, 2.068, 1),
('21:00:00', 5, 1.6, 2),
('21:00:00', 6, 1.94286, 1),
('21:00:00', 6, 1.6, 2),
('21:15:00', 0, 1.6, 1),
('21:15:00', 0, 2.2, 2),
('21:15:00', 1, 1.6, 1),
('21:15:00', 2, 1.75, 1),
('21:15:00', 3, 1.9, 1),
('21:15:00', 3, 1.6, 2),
('21:15:00', 4, 1.7, 1),
('21:15:00', 4, 1.6, 2),
('21:15:00', 5, 2.2375, 1),
('21:15:00', 5, 2.8, 2),
('21:15:00', 6, 1.975, 1),
('21:15:00', 6, 1.75, 2),
('21:30:00', 0, 1.6, 1),
('21:30:00', 0, 1.3, 2),
('21:30:00', 1, 1.96, 1),
('21:30:00', 2, 1.825, 1),
('21:30:00', 3, 2.25, 1),
('21:30:00', 4, 1.8, 1),
('21:30:00', 4, 1.6, 2),
('21:30:00', 5, 2.13684, 1),
('21:30:00', 6, 2.15, 1),
('21:45:00', 0, 2.02, 1),
('21:45:00', 1, 1.7, 1),
('21:45:00', 2, 1.81429, 1),
('21:45:00', 3, 1.7, 1),
('21:45:00', 4, 1.975, 1),
('21:45:00', 5, 1.72273, 1),
('21:45:00', 5, 1.9, 2),
('21:45:00', 6, 1.6, 1),
('21:45:00', 6, 2.5, 2),
('22:00:00', 0, 2, 1),
('22:00:00', 1, 2.05, 1),
('22:00:00', 1, 1.6, 2),
('22:00:00', 2, 1.6, 1),
('22:00:00', 3, 1.72, 1),
('22:00:00', 3, 1.6, 2),
('22:00:00', 4, 1.98571, 1),
('22:00:00', 4, 1.9, 2),
('22:00:00', 5, 2.0125, 1),
('22:00:00', 5, 1.6, 2),
('22:00:00', 6, 1.84, 1),
('22:15:00', 0, 1.6, 1),
('22:15:00', 1, 1.9, 1),
('22:15:00', 1, 2.8, 2),
('22:15:00', 2, 1.55, 1),
('22:15:00', 2, 1.75, 2),
('22:15:00', 3, 1.66, 1),
('22:15:00', 3, 1.5, 2),
('22:15:00', 4, 1.75, 1),
('22:15:00', 5, 2.00714, 1),
('22:15:00', 6, 1.66, 1),
('22:15:00', 6, 1.6, 2),
('22:30:00', 0, 1.525, 1),
('22:30:00', 0, 2.2, 2),
('22:30:00', 1, 2.5, 1),
('22:30:00', 2, 1.675, 1),
('22:30:00', 3, 1.96, 1),
('22:30:00', 3, 1.6, 2),
('22:30:00', 4, 1.675, 1),
('22:30:00', 5, 1.6, 1),
('22:30:00', 5, 1.6, 2),
('22:30:00', 6, 1.3, 1),
('22:45:00', 0, 2.08, 1),
('22:45:00', 1, 1.9, 1),
('22:45:00', 1, 1.6, 2),
('22:45:00', 2, 1.6, 1),
('22:45:00', 2, 1.9, 2),
('22:45:00', 3, 1.6, 1),
('22:45:00', 4, 1.96, 1),
('22:45:00', 4, 1.6, 2),
('22:45:00', 5, 1.93333, 1),
('22:45:00', 6, 1.72, 1),
('23:00:00', 0, 3.4, 1),
('23:00:00', 0, 1.6, 2),
('23:00:00', 1, 1.7, 1),
('23:00:00', 1, 1.6, 2),
('23:00:00', 2, 1.45, 1),
('23:00:00', 3, 1.45, 1),
('23:00:00', 3, 1.6, 2),
('23:00:00', 4, 2.2, 1),
('23:00:00', 4, 1.6, 2),
('23:00:00', 5, 2.56, 1),
('23:00:00', 6, 1.6, 1),
('23:00:00', 6, 2.5, 2),
('23:15:00', 0, 2.4, 1),
('23:15:00', 1, 1.5, 1),
('23:15:00', 2, 1.45, 1),
('23:15:00', 3, 1.675, 1),
('23:15:00', 3, 3.1, 2),
('23:15:00', 5, 2.65, 1),
('23:15:00', 5, 1.6, 2),
('23:15:00', 6, 2.32, 1),
('23:30:00', 0, 1.6, 1),
('23:30:00', 1, 2.2, 1),
('23:30:00', 2, 2, 1),
('23:30:00', 3, 1.6, 1),
('23:30:00', 4, 4, 1),
('23:30:00', 5, 1.9, 1),
('23:30:00', 6, 1.525, 1),
('23:30:00', 6, 1.6, 2),
('23:45:00', 0, 1.9, 1),
('23:45:00', 1, 2.65, 1),
('23:45:00', 2, 1.9, 1),
('23:45:00', 3, 1.3, 1),
('23:45:00', 4, 1.6, 1),
('23:45:00', 4, 1.6, 2),
('23:45:00', 5, 1.6, 1),
('23:45:00', 5, 1.6, 2),
('23:45:00', 6, 1.4, 1),
('24:00:00', 1, 1.45, 1),
('24:00:00', 2, 1.75, 1),
('24:00:00', 4, 2.2, 1),
('24:00:00', 5, 1.6, 1),
('24:00:00', 6, 1.45, 1);

-- --------------------------------------------------------

--
-- Table structure for table `pep_year_month`
--

DROP TABLE IF EXISTS `pep_year_month`;
CREATE TABLE IF NOT EXISTS `pep_year_month` (
  `month` int(11) NOT NULL,
  `factor` float NOT NULL,
  `branch` int(11) NOT NULL
) ENGINE=InnoDB DEFAULT CHARSET=latin1;

--
-- Truncate table before insert `pep_year_month`
--

TRUNCATE TABLE `pep_year_month`;
--
-- Dumping data for table `pep_year_month`
--

INSERT INTO `pep_year_month` (`month`, `factor`, `branch`) VALUES
(1, 1.04211, 1),
(1, 1.12868, 2),
(2, 1.01641, 1),
(2, 0.895188, 2),
(3, 0.985907, 1),
(3, 0.955273, 2),
(4, 1.04349, 1),
(4, 0.959228, 2),
(5, 0.976437, 1),
(5, 1.02503, 2),
(6, 0.955785, 1),
(6, 0.900512, 2),
(7, 0.948482, 1),
(7, 1.08659, 2),
(8, 0.870292, 1),
(8, 0.966978, 2),
(9, 0.933181, 1),
(9, 0.979307, 2),
(10, 1.02517, 1),
(10, 0.998372, 2),
(11, 1.02225, 1),
(11, 0.970484, 2),
(12, 1.23273, 1),
(12, 1.12761, 2);

-- --------------------------------------------------------

--
-- Table structure for table `saturday_rotation`
--

DROP TABLE IF EXISTS `saturday_rotation`;
CREATE TABLE IF NOT EXISTS `saturday_rotation` (
  `date` date NOT NULL,
  `team_id` tinyint(4) NOT NULL,
  `branch_id` tinyint(4) NOT NULL
) ENGINE=InnoDB DEFAULT CHARSET=latin1 COLLATE=latin1_german1_ci;

--
-- Truncate table before insert `saturday_rotation`
--

TRUNCATE TABLE `saturday_rotation`;
--
-- Dumping data for table `saturday_rotation`
--

INSERT INTO `saturday_rotation` (`date`, `team_id`, `branch_id`) VALUES
('2018-10-06', 2, 1),
('2018-10-13', 3, 1),
('2018-10-20', 4, 1),
('2018-10-27', 5, 1);

-- --------------------------------------------------------

--
-- Table structure for table `saturday_rotation_teams`
--

DROP TABLE IF EXISTS `saturday_rotation_teams`;
CREATE TABLE IF NOT EXISTS `saturday_rotation_teams` (
  `team_id` tinyint(3) unsigned NOT NULL,
  `employee_id` tinyint(4) NOT NULL,
  `branch_id` tinyint(4) NOT NULL
) ENGINE=InnoDB DEFAULT CHARSET=latin1 COLLATE=latin1_german1_ci;

--
-- Truncate table before insert `saturday_rotation_teams`
--

TRUNCATE TABLE `saturday_rotation_teams`;
--
-- Dumping data for table `saturday_rotation_teams`
--

INSERT INTO `saturday_rotation_teams` (`team_id`, `employee_id`, `branch_id`) VALUES
(1, 2, 1),
(1, 6, 1),
(2, 7, 1),
(2, 17, 1),
(3, 10, 1),
(3, 14, 1),
(4, 5, 1),
(4, 16, 1),
(5, 12, 1),
(5, 13, 1);

-- --------------------------------------------------------

--
-- Table structure for table `Sonderöffnungszeiten`
--

DROP TABLE IF EXISTS `Sonderöffnungszeiten`;
CREATE TABLE IF NOT EXISTS `Sonderöffnungszeiten` (
  `Datum` date NOT NULL,
  `Beginn` time NOT NULL,
  `Ende` time NOT NULL,
  `Bezeichnung` varchar(64) DEFAULT NULL
) ENGINE=InnoDB DEFAULT CHARSET=latin1;

--
-- Truncate table before insert `Sonderöffnungszeiten`
--

TRUNCATE TABLE `Sonderöffnungszeiten`;
--
-- Dumping data for table `Sonderöffnungszeiten`
--

INSERT INTO `Sonderöffnungszeiten` (`Datum`, `Beginn`, `Ende`, `Bezeichnung`) VALUES
('2018-04-29', '13:00:00', '18:00:00', 'Verkaufsoffener Sonntag'),
('2018-10-07', '13:00:00', '18:00:00', 'Verkaufsoffener Sonntag'),
('2018-11-04', '13:00:00', '18:00:00', 'Verkaufsoffener Sonntag'),
('2018-12-02', '13:00:00', '18:00:00', 'Verkaufsoffener Sonntag'),
('2018-12-15', '18:00:00', '22:00:00', 'Late-Night-Shopping');

-- --------------------------------------------------------

--
-- Table structure for table `Stunden`
--

DROP TABLE IF EXISTS `Stunden`;
CREATE TABLE IF NOT EXISTS `Stunden` (
  `VK` int(11) NOT NULL,
  `Datum` date NOT NULL,
  `Stunden` float DEFAULT NULL,
  `Saldo` float NOT NULL,
  `Grund` varchar(64) DEFAULT NULL,
  `Aktualisierung` timestamp NOT NULL DEFAULT CURRENT_TIMESTAMP ON UPDATE CURRENT_TIMESTAMP
) ENGINE=InnoDB DEFAULT CHARSET=latin1;

--
-- Truncate table before insert `Stunden`
--

TRUNCATE TABLE `Stunden`;
--
-- Dumping data for table `Stunden`
--

INSERT INTO `Stunden` (`VK`, `Datum`, `Stunden`, `Saldo`, `Grund`, `Aktualisierung`) VALUES
(1, '2018-02-22', 0.5, -53.25, 'Foo', '2018-11-15 05:00:14'),
(1, '2018-04-26', 0.5, -52.75, 'Foo', '2018-11-15 05:00:14'),
(1, '2018-04-27', 5, -47.75, 'Foo', '2018-11-15 05:00:14'),
(1, '2018-04-30', 5, -42.75, 'Foo', '2018-11-15 05:00:14'),
(1, '2018-05-04', 3, -39.75, 'Foo', '2018-11-15 05:00:14'),
(1, '2018-05-24', 0.5, -39.25, 'Foo', '2018-11-15 05:00:14'),
(1, '2018-05-31', 0.5, -38.75, 'Foo', '2018-11-15 05:00:14'),
(1, '2018-06-08', 5, -33.75, 'Foo', '2018-11-15 05:00:14'),
(2, '2018-10-23', 0, 0, 'Foo', '2018-11-15 05:00:14'),
(5, '2018-02-16', -1.5, -6, 'Foo', '2018-11-15 05:00:14'),
(5, '2018-02-17', 9, 3, 'Foo', '2018-11-15 05:00:14'),
(5, '2018-02-23', 0, 3, 'Foo', '2018-11-15 05:00:14'),
(5, '2018-02-24', 9, 12, 'Foo', '2018-11-15 05:00:14'),
(5, '2018-03-02', -1.5, 10.5, 'Foo', '2018-11-15 05:00:14'),
(5, '2018-03-09', -1.5, 9, 'Foo', '2018-11-15 05:00:14'),
(5, '2018-03-16', -8.5, 0.5, 'Foo', '2018-11-15 05:00:14'),
(5, '2018-03-23', -2, -1.5, 'Foo', '2018-11-15 05:00:14'),
(5, '2018-04-01', 7.5, 6, 'Foo', '2018-11-15 05:00:14'),
(5, '2018-04-08', -2, 4, 'Foo', '2018-11-15 05:00:14'),
(5, '2018-04-15', -1.5, 2.5, 'Foo', '2018-11-15 05:00:14'),
(5, '2018-04-22', -4.5, -2, 'Foo', '2018-11-15 05:00:14'),
(5, '2018-04-29', 7.5, 5.5, 'Foo', '2018-11-15 05:00:14'),
(5, '2018-05-06', 0.5, 6, 'Foo', '2018-11-15 05:00:14'),
(5, '2018-05-12', 9, 15, 'Foo', '2018-11-15 05:00:14'),
(5, '2018-05-20', -0.75, 14.25, 'Foo', '2018-11-15 05:00:14'),
(5, '2018-05-24', 1, 15.25, 'Foo', '2018-11-15 05:00:14'),
(5, '2018-06-09', 9, 24.25, 'Foo', '2018-11-15 05:00:14'),
(5, '2018-06-17', -1.5, 22.75, 'Foo', '2018-11-15 05:00:14'),
(6, '2018-06-01', -15.5, 0, 'Foo', '2018-11-15 05:00:14'),
(6, '2018-06-10', 8, 8, 'Foo', '2018-11-15 05:00:14'),
(6, '2018-06-17', -1.5, 6.5, 'Foo', '2018-11-15 05:00:14'),
(7, '2018-02-28', 0.5, 19, 'Foo', '2018-11-15 05:00:14'),
(7, '2018-03-01', -1.5, 17.5, 'Foo', '2018-11-15 05:00:14'),
(7, '2018-03-02', 0.5, 18, 'Foo', '2018-11-15 05:00:14'),
(7, '2018-03-07', -1, 17, 'Foo', '2018-11-15 05:00:14'),
(7, '2018-03-16', -1, 16, 'Foo', '2018-11-15 05:00:14'),
(7, '2018-03-17', 3, 19, 'Foo', '2018-11-15 05:00:14'),
(7, '2018-03-23', -0.5, 18.5, 'Foo', '2018-11-15 05:00:14'),
(7, '2018-03-29', -1.5, 17, 'Foo', '2018-11-15 05:00:14'),
(7, '2018-04-06', -1.5, 15.5, 'Foo', '2018-11-15 05:00:14'),
(7, '2018-04-14', 3, 18.5, 'Foo', '2018-11-15 05:00:14'),
(7, '2018-04-24', -2.5, 16, 'Foo', '2018-11-15 05:00:14'),
(7, '2018-04-27', -0.5, 15.5, 'Foo', '2018-11-15 05:00:14'),
(7, '2018-04-28', 6, 21.5, 'Foo', '2018-11-15 05:00:14'),
(7, '2018-05-07', 0.5, 22, 'Foo', '2018-11-15 05:00:14'),
(7, '2018-05-08', -0.5, 21.5, 'Foo', '2018-11-15 05:00:14'),
(7, '2018-05-16', 0.5, 22, 'Foo', '2018-11-15 05:00:14'),
(7, '2018-05-22', -1, 21, 'Foo', '2018-11-15 05:00:14'),
(7, '2018-05-23', 0.5, 21.5, 'Foo', '2018-11-15 05:00:14'),
(7, '2018-05-26', 3, 24.5, 'Foo', '2018-11-15 05:00:14'),
(7, '2018-06-06', 0.5, 25, 'Foo', '2018-11-15 05:00:14'),
(7, '2018-06-08', 3.5, 28.5, 'Foo', '2018-11-15 05:00:14'),
(8, '2018-02-24', 1.5, 13.5, 'Foo', '2018-11-15 05:00:14'),
(8, '2018-03-01', -1, 12.5, 'Foo', '2018-11-15 05:00:14'),
(8, '2018-03-06', -0.5, 12, 'Foo', '2018-11-15 05:00:14'),
(8, '2018-03-15', 0, 12, 'Foo', '2018-11-15 05:00:14'),
(8, '2018-03-16', -1, 11, 'Foo', '2018-11-15 05:00:14'),
(8, '2018-03-28', -1, 10, 'Foo', '2018-11-15 05:00:14'),
(8, '2018-03-31', -4, 6, 'Foo', '2018-11-15 05:00:14'),
(8, '2018-05-05', 4.5, 10.5, 'Foo', '2018-11-15 05:00:14'),
(8, '2018-05-07', 0.5, 11, 'Foo', '2018-11-15 05:00:14'),
(10, '2018-02-23', -1.5, 25, 'Foo', '2018-11-15 05:00:14'),
(10, '2018-02-24', -1.5, 23.5, 'Foo', '2018-11-15 05:00:14'),
(10, '2018-02-28', -1, 22.5, 'Foo', '2018-11-15 05:00:14'),
(10, '2018-03-03', -1.5, 21, 'Foo', '2018-11-15 05:00:14'),
(10, '2018-03-10', -1.5, 19.5, 'Foo', '2018-11-15 05:00:14'),
(10, '2018-03-24', 7.5, 27, 'Foo', '2018-11-15 05:00:14'),
(10, '2018-03-26', -1.5, 25.5, 'Foo', '2018-11-15 05:00:14'),
(10, '2018-03-31', 4, 29.5, 'Foo', '2018-11-15 05:00:14'),
(10, '2018-04-04', -0.5, 29, 'Foo', '2018-11-15 05:00:14'),
(10, '2018-04-05', -1, 28, 'Foo', '2018-11-15 05:00:14'),
(10, '2018-04-06', -0.5, 27.5, 'Foo', '2018-11-15 05:00:14'),
(10, '2018-04-07', -1.5, 26, 'Foo', '2018-11-15 05:00:14'),
(10, '2018-04-12', -2.5, 23.5, 'Foo', '2018-11-15 05:00:14'),
(10, '2018-04-14', -1.5, 22, 'Foo', '2018-11-15 05:00:14'),
(10, '2018-04-17', -6, 16, 'Foo', '2018-11-15 05:00:14'),
(10, '2018-04-21', 7.5, 23.5, 'Foo', '2018-11-15 05:00:14'),
(10, '2018-04-28', -1.5, 22, 'Foo', '2018-11-15 05:00:14'),
(10, '2018-04-29', 5, 27, 'Foo', '2018-11-15 05:00:14'),
(10, '2018-04-30', 0.5, 27.5, 'Foo', '2018-11-15 05:00:14'),
(10, '2018-05-03', -1.5, 26, 'Foo', '2018-11-15 05:00:14'),
(10, '2018-05-05', -1.5, 24.5, 'Foo', '2018-11-15 05:00:14'),
(10, '2018-05-12', -1.5, 23, 'Foo', '2018-11-15 05:00:14'),
(10, '2018-06-02', -1.5, 21.5, 'Foo', '2018-11-15 05:00:14'),
(10, '2018-06-09', -1.5, 20, 'Foo', '2018-11-15 05:00:14'),
(10, '2018-06-13', -1, 19, 'Foo', '2018-11-15 05:00:14'),
(10, '2018-06-16', -1.5, 17.5, 'Foo', '2018-11-15 05:00:14'),
(10, '2018-06-23', -1.5, 16, 'Foo', '2018-11-15 05:00:14'),
(10, '2018-06-27', -0.5, 15.5, 'Foo', '2018-11-15 05:00:14'),
(10, '2018-07-05', -2, 13.5, 'Foo', '2018-11-15 05:00:14'),
(10, '2018-07-07', -1.5, 12, 'Foo', '2018-11-15 05:00:14'),
(10, '2018-07-28', 7.5, 19.5, 'Foo', '2018-11-15 05:00:14'),
(10, '2018-07-30', -0.5, 19, 'Foo', '2018-11-15 05:00:14'),
(10, '2018-07-31', -2, 17, 'Foo', '2018-11-15 05:00:14'),
(10, '2018-08-02', -1, 16, 'Foo', '2018-11-15 05:00:14'),
(10, '2018-08-04', 7.5, 23.5, 'Foo', '2018-11-15 05:00:14'),
(10, '2018-08-09', -1, 22.5, 'Foo', '2018-11-15 05:00:14'),
(10, '2018-08-11', -1.5, 21, 'Foo', '2018-11-15 05:00:14'),
(10, '2018-08-18', -1.5, 19.5, 'Foo', '2018-11-15 05:00:14'),
(10, '2018-08-25', -1.5, 18, 'Foo', '2018-11-15 05:00:14'),
(10, '2018-09-01', -1.5, 16.5, 'Foo', '2018-11-15 05:00:14'),
(10, '2018-09-05', -1, 15.5, 'Foo', '2018-11-15 05:00:14'),
(10, '2018-09-08', 7.5, 23, 'Foo', '2018-11-15 05:00:14'),
(10, '2018-09-15', -1.5, 21.5, 'Foo', '2018-11-15 05:00:14'),
(10, '2018-09-18', -1.5, 20, 'Foo', '2018-11-15 05:00:14'),
(10, '2018-09-22', -1, 19, 'Foo', '2018-11-15 05:00:14'),
(10, '2018-09-29', -1.5, 17.5, 'Foo', '2018-11-15 05:00:14'),
(10, '2018-10-05', 0.5, 18, 'Foo', '2018-11-15 05:00:14'),
(10, '2018-10-06', -1.5, 16.5, 'Foo', '2018-11-15 05:00:14'),
(10, '2018-10-20', -1.5, 15, 'Foo', '2018-11-15 05:00:14'),
(10, '2018-10-22', -5.5, 9.5, 'Foo', '2018-11-15 05:00:14'),
(10, '2018-10-27', 7.5, 17, 'Foo', '2018-11-15 05:00:14'),
(10, '2018-11-03', -1.5, 15.5, 'Foo', '2018-11-15 05:00:14'),
(10, '2018-11-10', 7.5, 23, 'Foo', '2018-11-15 05:00:14'),
(10, '2018-11-12', -0.5, 22.5, 'Foo', '2018-11-15 05:00:14'),
(11, '2018-02-16', -0.5, 1, 'Foo', '2018-11-15 05:00:14'),
(11, '2018-03-23', 0.5, 1.5, 'Foo', '2018-11-15 05:00:14'),
(11, '2018-03-31', 5, 6.5, 'Foo', '2018-11-15 05:00:14'),
(11, '2018-04-13', 0.5, 7, 'Foo', '2018-11-15 05:00:14'),
(11, '2018-04-20', -1.5, 5.5, 'Foo', '2018-11-15 05:00:14'),
(11, '2018-04-27', 0.5, 6, 'Foo', '2018-11-15 05:00:14'),
(11, '2018-05-15', 0.5, 6.5, 'Foo', '2018-11-15 05:00:14'),
(11, '2018-05-24', 1, 7.5, 'Foo', '2018-11-15 05:00:14'),
(11, '2018-06-09', 5, 12.5, 'Foo', '2018-11-15 05:00:14'),
(11, '2018-06-17', -3.5, 9, 'Foo', '2018-11-15 05:00:14'),
(11, '2018-06-24', 0, 9, 'Foo', '2018-11-15 05:00:14'),
(11, '2018-07-01', 0, 9, 'Foo', '2018-11-15 05:00:14'),
(11, '2018-07-08', 0, 9, 'Foo', '2018-11-15 05:00:14'),
(11, '2018-07-15', 0, 9, 'Foo', '2018-11-15 05:00:14'),
(11, '2018-07-22', 0, 9, 'Foo', '2018-11-15 05:00:14'),
(11, '2018-07-28', 0.5, 9.5, 'Foo', '2018-11-15 05:00:14'),
(11, '2018-08-05', -1, 8.5, 'Foo', '2018-11-15 05:00:14'),
(11, '2018-08-12', 0.5, 9, 'Foo', '2018-11-15 05:00:14'),
(11, '2018-08-19', 0, 9, 'Foo', '2018-11-15 05:00:14'),
(11, '2018-08-26', 0, 9, 'Foo', '2018-11-15 05:00:14'),
(11, '2018-08-31', -8, 1, 'Foo', '2018-11-15 05:00:14'),
(11, '2018-09-09', 0, 1, 'Foo', '2018-11-15 05:00:14'),
(11, '2018-09-16', 0, 1, 'Foo', '2018-11-15 05:00:14'),
(11, '2018-09-23', 0.5, 1.5, 'Foo', '2018-11-15 05:00:14'),
(12, '2018-02-16', -5, 26.25, 'Foo', '2018-11-15 05:00:14'),
(12, '2018-02-23', -4.5, 21.75, 'Foo', '2018-11-15 05:00:14'),
(12, '2018-03-02', 0, 21.75, 'Foo', '2018-11-15 05:00:14'),
(12, '2018-03-09', -3, 18.75, 'Foo', '2018-11-15 05:00:14'),
(12, '2018-03-10', 9, 27.75, 'Foo', '2018-11-15 05:00:14'),
(12, '2018-03-16', -1.5, 26.25, 'Foo', '2018-11-15 05:00:14'),
(12, '2018-03-23', -1, 25.25, 'Foo', '2018-11-15 05:00:14'),
(12, '2018-03-25', -13, 12.25, 'Foo', '2018-11-15 05:00:14'),
(12, '2018-03-31', -10, 2.25, 'Foo', '2018-11-15 05:00:14'),
(12, '2018-04-01', -3.5, -1.25, 'Foo', '2018-11-15 05:00:14'),
(12, '2018-04-08', 8.5, 7.25, 'Foo', '2018-11-15 05:00:14'),
(12, '2018-04-15', -1.5, 5.75, 'Foo', '2018-11-15 05:00:14'),
(12, '2018-04-22', -7, -1.25, 'Foo', '2018-11-15 05:00:14'),
(12, '2018-04-29', -0.5, -1.75, 'Foo', '2018-11-15 05:00:14'),
(12, '2018-05-06', -2.5, -4.25, 'Foo', '2018-11-15 05:00:14'),
(12, '2018-05-13', 9.5, 5.25, 'Foo', '2018-11-15 05:00:14'),
(12, '2018-05-20', 0, 5.25, 'Foo', '2018-11-15 05:00:14'),
(12, '2018-05-27', -1.5, 3.75, 'Foo', '2018-11-15 05:00:14'),
(12, '2018-06-03', 3.5, 7.25, 'Foo', '2018-11-15 05:00:14'),
(12, '2018-06-10', -1.5, 5.75, 'Foo', '2018-11-15 05:00:14'),
(12, '2018-06-17', 7.5, 13.25, 'Foo', '2018-11-15 05:00:14'),
(12, '2018-06-24', -1.5, 11.75, 'Foo', '2018-11-15 05:00:14'),
(12, '2018-06-29', 2, 13.75, 'Foo', '2018-11-15 05:00:14'),
(12, '2018-07-01', -1.5, 12.25, 'Foo', '2018-11-15 05:00:14'),
(12, '2018-07-08', -1.5, 10.75, 'Foo', '2018-11-15 05:00:14'),
(12, '2018-07-12', -0.25, 10.5, 'Foo', '2018-11-15 05:00:14'),
(12, '2018-07-15', -1.5, 9, 'Foo', '2018-11-15 05:00:14'),
(12, '2018-07-22', 7.5, 16.5, 'Foo', '2018-11-15 05:00:14'),
(12, '2018-07-29', -1.5, 15, 'Foo', '2018-11-15 05:00:14'),
(12, '2018-08-05', 0, 15, 'Foo', '2018-11-15 05:00:14'),
(12, '2018-08-12', 0, 15, 'Foo', '2018-11-15 05:00:14'),
(12, '2018-08-17', -12, 3, 'Foo', '2018-11-15 05:00:14'),
(12, '2018-08-19', 0, 3, 'Foo', '2018-11-15 05:00:14'),
(12, '2018-08-26', 7.5, 10.5, 'Foo', '2018-11-15 05:00:14'),
(12, '2018-12-01', -10.5, 0, 'Foo', '2018-11-15 05:00:14'),
(13, '2018-03-06', -1, 29, 'Foo', '2018-11-15 05:00:14'),
(13, '2018-03-15', 0.5, 29.5, 'Foo', '2018-11-15 05:00:14'),
(13, '2018-03-19', 1.75, 31.25, 'Foo', '2018-11-15 05:00:14'),
(13, '2018-03-20', 1.25, 32.5, 'Foo', '2018-11-15 05:00:14'),
(13, '2018-03-21', 2.5, 35, 'Foo', '2018-11-15 05:00:14'),
(13, '2018-03-22', 2, 37, 'Foo', '2018-11-15 05:00:14'),
(13, '2018-03-24', 3.5, 40.5, 'Foo', '2018-11-15 05:00:14'),
(13, '2018-03-31', 4, 44.5, 'Foo', '2018-11-15 05:00:14'),
(13, '2018-04-04', 0.5, 45, 'Foo', '2018-11-15 05:00:14'),
(13, '2018-04-18', -0.5, 44.5, 'Foo', '2018-11-15 05:00:14'),
(13, '2018-04-20', 7.5, 52, 'Foo', '2018-11-15 05:00:14'),
(13, '2018-04-29', 5, 57, 'Foo', '2018-11-15 05:00:14'),
(13, '2018-04-30', -8, 49, 'Foo', '2018-11-15 05:00:14'),
(13, '2018-05-04', 1.5, 50.5, 'Foo', '2018-11-15 05:00:14'),
(13, '2018-05-08', -0.5, 50, 'Foo', '2018-11-15 05:00:14'),
(13, '2018-05-11', 2.5, 52.5, 'Foo', '2018-11-15 05:00:14'),
(13, '2018-06-01', -20, 42.5, 'Foo', '2018-11-15 05:00:14'),
(13, '2018-06-06', 0.5, 53, 'Foo', '2018-11-15 05:00:14'),
(13, '2018-06-08', 1.5, 54.5, 'Foo', '2018-11-15 05:00:14'),
(13, '2018-06-09', 5, 59.5, 'Foo', '2018-11-15 05:00:14'),
(13, '2018-06-12', 3, 62.5, 'Foo', '2018-11-15 05:00:14'),
(14, '2018-02-17', -1.5, 21, 'Foo', '2018-11-15 05:00:14'),
(14, '2018-02-24', -1.5, 19.5, 'Foo', '2018-11-15 05:00:14'),
(14, '2018-02-27', -1, 18.5, 'Foo', '2018-11-15 05:00:14'),
(14, '2018-03-03', 7.5, 26, 'Foo', '2018-11-15 05:00:14'),
(14, '2018-03-10', -1.5, 24.5, 'Foo', '2018-11-15 05:00:14'),
(14, '2018-03-17', -1.5, 23, 'Foo', '2018-11-15 05:00:14'),
(14, '2018-03-20', -0.5, 22.5, 'Foo', '2018-11-15 05:00:14'),
(14, '2018-03-23', -2, 20.5, 'Foo', '2018-11-15 05:00:14'),
(14, '2018-03-24', -1.5, 19, 'Foo', '2018-11-15 05:00:14'),
(14, '2018-03-29', -0.5, 18.5, 'Foo', '2018-11-15 05:00:14'),
(14, '2018-03-30', -0.5, 18, 'Foo', '2018-11-15 05:00:14'),
(14, '2018-03-31', -1.5, 16.5, 'Foo', '2018-11-15 05:00:14'),
(14, '2018-04-05', -0.5, 16, 'Foo', '2018-11-15 05:00:14'),
(14, '2018-04-10', 0.5, 16.5, 'Foo', '2018-11-15 05:00:14'),
(14, '2018-04-12', 0.5, 17, 'Foo', '2018-11-15 05:00:14'),
(14, '2018-04-13', 0.5, 17.5, 'Foo', '2018-11-15 05:00:14'),
(14, '2018-04-14', 7.5, 25, 'Foo', '2018-11-15 05:00:14'),
(14, '2018-04-17', 0.5, 25.5, 'Foo', '2018-11-15 05:00:14'),
(14, '2018-04-20', -4.5, 21, 'Foo', '2018-11-15 05:00:14'),
(14, '2018-04-21', -1.5, 19.5, 'Foo', '2018-11-15 05:00:14'),
(14, '2018-04-28', -1.5, 18, 'Foo', '2018-11-15 05:00:14'),
(14, '2018-05-05', -1.5, 16.5, 'Foo', '2018-11-15 05:00:14'),
(14, '2018-05-11', -8.5, 8, 'Foo', '2018-11-15 05:00:14'),
(14, '2018-05-12', -1.5, 6.5, 'Foo', '2018-11-15 05:00:14'),
(14, '2018-05-19', -1.5, 5, 'Foo', '2018-11-15 05:00:14'),
(14, '2018-05-26', 7.5, 12.5, 'Foo', '2018-11-15 05:00:14'),
(14, '2018-05-29', 0.5, 13, 'Foo', '2018-11-15 05:00:14'),
(14, '2018-06-02', -1.5, 11.5, 'Foo', '2018-11-15 05:00:14'),
(14, '2018-06-04', -2.5, 9, 'Foo', '2018-11-15 05:00:14'),
(14, '2018-06-09', -1.5, 7.5, 'Foo', '2018-11-15 05:00:14'),
(14, '2018-06-16', -1.5, 6, 'Foo', '2018-11-15 05:00:14'),
(14, '2018-06-23', -1.5, 4.5, 'Foo', '2018-11-15 05:00:14'),
(14, '2018-06-30', -1.5, 3, 'Foo', '2018-11-15 05:00:14'),
(14, '2018-07-03', -1.5, 1.5, 'Foo', '2018-11-15 05:00:14'),
(14, '2018-07-07', -1.5, 0, 'Foo', '2018-11-15 05:00:14'),
(14, '2018-07-14', -1.5, -1.5, 'Foo', '2018-11-15 05:00:14'),
(14, '2018-07-17', 0.5, -1, 'Foo', '2018-11-15 05:00:14'),
(14, '2018-07-21', -1.5, -2.5, 'Foo', '2018-11-15 05:00:14'),
(14, '2018-07-28', 7.5, 5, 'Foo', '2018-11-15 05:00:14'),
(14, '2018-08-04', -1.5, 3.5, 'Foo', '2018-11-15 05:00:14'),
(14, '2018-08-11', -1.5, 2, 'Foo', '2018-11-15 05:00:14'),
(14, '2018-08-18', -1.5, 0.5, 'Foo', '2018-11-15 05:00:14'),
(14, '2018-08-25', -1.5, -1, 'Foo', '2018-11-15 05:00:14'),
(14, '2018-09-01', -1.5, -2.5, 'Foo', '2018-11-15 05:00:14'),
(14, '2018-09-08', 7.5, 5, 'Foo', '2018-11-15 05:00:14'),
(14, '2018-09-12', 9.5, 14.5, 'Foo', '2018-11-15 05:00:14'),
(14, '2018-09-13', -7.5, 7, 'Foo', '2018-11-15 05:00:14'),
(14, '2018-09-15', -1.5, 5.5, 'Foo', '2018-11-15 05:00:14'),
(14, '2018-10-06', -1.5, 4, 'Foo', '2018-11-15 05:00:14'),
(14, '2018-10-08', 1.5, 5.5, 'Foo', '2018-11-15 05:00:14'),
(14, '2018-10-09', -0.5, 5, 'Foo', '2018-11-15 05:00:14'),
(14, '2018-10-12', -2, 3, 'Foo', '2018-11-15 05:00:14'),
(14, '2018-10-13', 7.5, 10.5, 'Foo', '2018-11-15 05:00:14'),
(14, '2018-10-19', -2, 8.5, 'Foo', '2018-11-15 05:00:14'),
(14, '2018-10-20', -1.5, 7, 'Foo', '2018-11-15 05:00:14'),
(14, '2018-10-27', -1.5, 5.5, 'Foo', '2018-11-15 05:00:14'),
(14, '2018-11-03', 7.5, 13, 'Foo', '2018-11-15 05:00:14'),
(14, '2018-11-05', -1, 12, 'Foo', '2018-11-15 05:00:14'),
(14, '2018-11-09', -2, 10, 'Foo', '2018-11-15 05:00:14'),
(14, '2018-11-11', 5, 15, 'Foo', '2018-11-15 05:00:14'),
(15, '2018-02-19', -1, 30, 'Foo', '2018-11-15 05:00:14'),
(15, '2018-02-20', -2.5, 27.5, 'Foo', '2018-11-15 05:00:14'),
(15, '2018-02-21', -2, 25.5, 'Foo', '2018-11-15 05:00:14'),
(15, '2018-02-22', -2.5, 23, 'Foo', '2018-11-15 05:00:14'),
(15, '2018-02-24', 7, 30, 'Foo', '2018-11-15 05:00:14'),
(15, '2018-03-01', -3.5, 26.5, 'Foo', '2018-11-15 05:00:14'),
(15, '2018-03-05', -2.5, 24, 'Foo', '2018-11-15 05:00:14'),
(15, '2018-03-06', -1.5, 22.5, 'Foo', '2018-11-15 05:00:14'),
(15, '2018-03-07', -1, 21.5, 'Foo', '2018-11-15 05:00:14'),
(15, '2018-04-02', -0.5, 21, 'Foo', '2018-11-15 05:00:14'),
(15, '2018-04-05', 0.5, 21.5, 'Foo', '2018-11-15 05:00:14'),
(15, '2018-04-06', 0.5, 22, 'Foo', '2018-11-15 05:00:14'),
(15, '2018-04-07', 4, 26, 'Foo', '2018-11-15 05:00:14'),
(15, '2018-04-09', -2.5, 23.5, 'Foo', '2018-11-15 05:00:14'),
(15, '2018-04-12', -2, 21.5, 'Foo', '2018-11-15 05:00:14'),
(15, '2018-04-27', -8, 13.5, 'Foo', '2018-11-15 05:00:14'),
(15, '2018-05-05', 3, 16.5, 'Foo', '2018-11-15 05:00:14'),
(15, '2018-05-09', -1, 15.5, 'Foo', '2018-11-15 05:00:14'),
(15, '2018-05-10', -0.5, 15, 'Foo', '2018-11-15 05:00:14'),
(15, '2018-05-11', 0.5, 15.5, 'Foo', '2018-11-15 05:00:14'),
(15, '2018-05-17', 0.5, 16, 'Foo', '2018-11-15 05:00:14'),
(15, '2018-05-18', 0.5, 16.5, 'Foo', '2018-11-15 05:00:14'),
(15, '2018-05-21', -0.5, 16, 'Foo', '2018-11-15 05:00:14'),
(15, '2018-06-06', -1, 15, 'Foo', '2018-11-15 05:00:14'),
(15, '2018-06-09', 6, 21, 'Foo', '2018-11-15 05:00:14'),
(15, '2018-06-11', 0.5, 21.5, 'Foo', '2018-11-15 05:00:14'),
(15, '2018-06-18', -0.5, 21, 'Foo', '2018-11-15 05:00:14'),
(15, '2018-07-04', -2.5, 18.5, 'Foo', '2018-11-15 05:00:14'),
(15, '2018-07-06', 0.5, 19, 'Foo', '2018-11-15 05:00:14'),
(15, '2018-07-07', 6, 25, 'Foo', '2018-11-15 05:00:14'),
(15, '2018-07-18', -1, 24, 'Foo', '2018-11-15 05:00:14'),
(15, '2018-07-24', -0.5, 23.5, 'Foo', '2018-11-15 05:00:14'),
(15, '2018-07-25', -2.5, 21, 'Foo', '2018-11-15 05:00:14'),
(15, '2018-07-26', 0.5, 21.5, 'Foo', '2018-11-15 05:00:14'),
(15, '2018-08-04', 4, 25.5, 'Foo', '2018-11-15 05:00:14'),
(15, '2018-08-08', -0.5, 25, 'Foo', '2018-11-15 05:00:14'),
(15, '2018-08-13', 0.5, 25.5, 'Foo', '2018-11-15 05:00:14'),
(15, '2018-09-04', 1.5, 27, 'Foo', '2018-11-15 05:00:14'),
(15, '2018-09-08', 7, 34, 'Foo', '2018-11-15 05:00:14'),
(15, '2018-09-18', 0.5, 34.5, 'Foo', '2018-11-15 05:00:14'),
(15, '2018-09-19', -1, 33.5, 'Foo', '2018-11-15 05:00:14'),
(15, '2018-09-27', -1, 32.5, 'Foo', '2018-11-15 05:00:14'),
(15, '2018-10-06', 6, 38.5, 'Foo', '2018-11-15 05:00:14'),
(15, '2018-10-09', 1, 39.5, 'Foo', '2018-11-15 05:00:14'),
(15, '2018-10-12', -1.5, 38, 'Foo', '2018-11-15 05:00:14'),
(15, '2018-10-27', 5, 43, 'Foo', '2018-11-15 05:00:14'),
(15, '2018-11-01', -8, 35, 'Foo', '2018-11-15 05:00:14'),
(15, '2018-11-02', -8, 27, 'Foo', '2018-11-15 05:00:14'),
(16, '2018-02-17', 7.75, 15.75, 'Foo', '2018-11-15 05:00:14'),
(16, '2018-02-24', -0.25, 15.5, 'Foo', '2018-11-15 05:00:14'),
(16, '2018-03-03', 8.5, 24, 'Foo', '2018-11-15 05:00:14'),
(16, '2018-03-10', 1, 25, 'Foo', '2018-11-15 05:00:14'),
(16, '2018-03-17', -1.5, 23.5, 'Foo', '2018-11-15 05:00:14'),
(16, '2018-03-24', -2.5, 21, 'Foo', '2018-11-15 05:00:14'),
(16, '2018-03-29', -7, 14, 'Foo', '2018-11-15 05:00:14'),
(16, '2018-03-31', 0, 14, 'Foo', '2018-11-15 05:00:14'),
(16, '2018-04-07', -2.5, 11.5, 'Foo', '2018-11-15 05:00:14'),
(16, '2018-04-14', -1.5, 10, 'Foo', '2018-11-15 05:00:14'),
(16, '2018-04-17', -1, 9, 'Foo', '2018-11-15 05:00:14'),
(16, '2018-04-19', 0.5, 9.5, 'Foo', '2018-11-15 05:00:14'),
(16, '2018-04-21', -1.5, 8, 'Foo', '2018-11-15 05:00:14'),
(16, '2018-04-26', 1, 9, 'Foo', '2018-11-15 05:00:14'),
(16, '2018-06-02', 8, 17, 'Foo', '2018-11-15 05:00:14'),
(17, '2018-02-17', -1.5, 43.5, 'Foo', '2018-11-15 05:00:14'),
(17, '2018-02-24', -1.5, 42, 'Foo', '2018-11-15 05:00:14'),
(17, '2018-02-28', -0.5, 41.5, 'Foo', '2018-11-15 05:00:14'),
(17, '2018-03-03', -1.5, 40, 'Foo', '2018-11-15 05:00:14'),
(17, '2018-03-08', -1.5, 38.5, 'Foo', '2018-11-15 05:00:14'),
(17, '2018-03-10', -1.5, 37, 'Foo', '2018-11-15 05:00:14'),
(17, '2018-03-15', 0.5, 37.5, 'Foo', '2018-11-15 05:00:14'),
(17, '2018-03-17', -1.5, 36, 'Foo', '2018-11-15 05:00:14'),
(17, '2018-03-21', -1, 35, 'Foo', '2018-11-15 05:00:14'),
(17, '2018-03-24', 7.5, 42.5, 'Foo', '2018-11-15 05:00:14'),
(17, '2018-03-31', -1.5, 41, 'Foo', '2018-11-15 05:00:14'),
(17, '2018-04-06', -0.5, 40.5, 'Foo', '2018-11-15 05:00:14'),
(17, '2018-04-07', 7.5, 48, 'Foo', '2018-11-15 05:00:14'),
(17, '2018-04-15', 19.5, 67.5, 'Foo', '2018-11-15 05:00:14'),
(17, '2018-04-16', -6, 61.5, 'Foo', '2018-11-15 05:00:14'),
(17, '2018-04-18', -8, 53.5, 'Foo', '2018-11-15 05:00:14'),
(17, '2018-04-21', -1.5, 52, 'Foo', '2018-11-15 05:00:14'),
(17, '2018-04-24', 0.5, 52.5, 'Foo', '2018-11-15 05:00:14'),
(17, '2018-04-26', 0.5, 53, 'Foo', '2018-11-15 05:00:14'),
(17, '2018-04-28', -1.5, 51.5, 'Foo', '2018-11-15 05:00:14'),
(17, '2018-05-03', -1, 50.5, 'Foo', '2018-11-15 05:00:14'),
(17, '2018-05-05', -1.5, 49, 'Foo', '2018-11-15 05:00:14'),
(17, '2018-05-07', -2, 47, 'Foo', '2018-11-15 05:00:14'),
(17, '2018-05-12', -1.5, 45.5, 'Foo', '2018-11-15 05:00:14'),
(17, '2018-05-19', 8, 53.5, 'Foo', '2018-11-15 05:00:14'),
(17, '2018-05-26', -1.5, 52, 'Foo', '2018-11-15 05:00:14'),
(17, '2018-06-01', -2, 50, 'Foo', '2018-11-15 05:00:14'),
(17, '2018-06-02', -1.5, 48.5, 'Foo', '2018-11-15 05:00:14'),
(17, '2018-06-09', -1.5, 47, 'Foo', '2018-11-15 05:00:14'),
(17, '2018-06-11', -2, 45, 'Foo', '2018-11-15 05:00:14'),
(17, '2018-06-16', -1.5, 43.5, 'Foo', '2018-11-15 05:00:14'),
(17, '2018-06-21', -3.5, 40, 'Foo', '2018-11-15 05:00:14'),
(17, '2018-06-23', 7.5, 47.5, 'Foo', '2018-11-15 05:00:14'),
(17, '2018-06-27', -4, 43.5, 'Foo', '2018-11-15 05:00:14'),
(17, '2018-07-28', -1.5, 42, 'Foo', '2018-11-15 05:00:14'),
(17, '2018-08-04', -1.5, 40.5, 'Foo', '2018-11-15 05:00:14'),
(17, '2018-08-07', -1.5, 39, 'Foo', '2018-11-15 05:00:14'),
(17, '2018-08-09', 0.5, 39.5, 'Foo', '2018-11-15 05:00:14'),
(17, '2018-08-11', -1.5, 38, 'Foo', '2018-11-15 05:00:14'),
(17, '2018-08-14', 0.5, 38.5, 'Foo', '2018-11-15 05:00:14'),
(17, '2018-08-20', 18, 56.5, 'Foo', '2018-11-15 05:00:14'),
(17, '2018-08-21', -0.5, 56, 'Foo', '2018-11-15 05:00:14'),
(17, '2018-08-23', -1, 55, 'Foo', '2018-11-15 05:00:14'),
(17, '2018-08-25', -1.5, 53.5, 'Foo', '2018-11-15 05:00:14'),
(17, '2018-08-28', -4.5, 49, 'Foo', '2018-11-15 05:00:14'),
(17, '2018-09-01', 7.5, 56.5, 'Foo', '2018-11-15 05:00:14'),
(17, '2018-09-08', -1.5, 55, 'Foo', '2018-11-15 05:00:14'),
(17, '2018-09-15', -1.5, 53.5, 'Foo', '2018-11-15 05:00:14'),
(17, '2018-09-21', 0.5, 54, 'Foo', '2018-11-15 05:00:14'),
(17, '2018-09-22', -1.5, 52.5, 'Foo', '2018-11-15 05:00:14'),
(17, '2018-09-29', -1.5, 51, 'Foo', '2018-11-15 05:00:14'),
(17, '2018-10-06', -1.5, 49.5, 'Foo', '2018-11-15 05:00:14'),
(17, '2018-10-07', 19.5, 69, 'Foo', '2018-11-15 05:00:14'),
(17, '2018-10-08', -6, 63, 'Foo', '2018-11-15 05:00:14'),
(17, '2018-10-13', -1.5, 61.5, 'Foo', '2018-11-15 05:00:14'),
(17, '2018-10-20', 7.5, 69, 'Foo', '2018-11-15 05:00:14'),
(17, '2018-11-01', 9.5, 78.5, 'Foo', '2018-11-15 05:00:14'),
(17, '2018-11-02', -6, 72.5, 'Foo', '2018-11-15 05:00:14'),
(17, '2018-11-03', -1.5, 71, 'Foo', '2018-11-15 05:00:14'),
(17, '2018-11-08', 1, 72, 'Foo', '2018-11-15 05:00:14'),
(17, '2018-11-12', -5, 67, 'Foo', '2018-11-15 05:00:14'),
(18, '2018-02-21', -0.5, 1, 'Foo', '2018-11-15 05:00:14'),
(18, '2018-03-02', 1, 2, 'Foo', '2018-11-15 05:00:14'),
(18, '2018-03-15', 1.5, 3.5, 'Foo', '2018-11-15 05:00:14'),
(18, '2018-03-29', 1, 4.5, 'Foo', '2018-11-15 05:00:14'),
(18, '2018-04-04', 0.5, 5, 'Foo', '2018-11-15 05:00:14'),
(18, '2018-04-06', -1, 4, 'Foo', '2018-11-15 05:00:14'),
(18, '2018-04-11', 1, 5, 'Foo', '2018-11-15 05:00:14'),
(18, '2018-04-16', -1, 4, 'Foo', '2018-11-15 05:00:14'),
(18, '2018-04-18', -0.5, 3.5, 'Foo', '2018-11-15 05:00:14'),
(18, '2018-05-15', 0.5, 4, 'Foo', '2018-11-15 05:00:14'),
(18, '2018-05-17', 1, 5, 'Foo', '2018-11-15 05:00:14'),
(18, '2018-05-18', 0.5, 5.5, 'Foo', '2018-11-15 05:00:14'),
(18, '2018-05-22', 0.5, 6, 'Foo', '2018-11-15 05:00:14'),
(18, '2018-06-05', -0.5, 5.5, 'Foo', '2018-11-15 05:00:14'),
(19, '2018-02-23', 3.25, 3, 'Foo', '2018-11-15 05:00:14'),
(19, '2018-03-01', 1, 4, 'Foo', '2018-11-15 05:00:14'),
(19, '2018-03-14', 2, 6, 'Foo', '2018-11-15 05:00:14'),
(19, '2018-03-15', -1, 5, 'Foo', '2018-11-15 05:00:14'),
(19, '2018-04-01', -4, 1, 'Foo', '2018-11-15 05:00:14'),
(19, '2018-04-16', -1, 0, 'Foo', '2018-11-15 05:00:14'),
(19, '2018-04-26', -2, -2, 'Foo', '2018-11-15 05:00:14'),
(19, '2018-05-01', 6, 4, 'Foo', '2018-11-15 05:00:14'),
(19, '2018-06-01', -4, 0, 'Foo', '2018-11-15 05:00:14'),
(19, '2018-06-14', 0.5, 0.5, 'Foo', '2018-11-15 05:00:14'),
(19, '2018-06-15', 5, 5.5, 'Foo', '2018-11-15 05:00:14'),
(19, '2018-06-21', 0.5, 6, 'Foo', '2018-11-15 05:00:14'),
(19, '2018-07-01', -4, 2, 'Foo', '2018-11-15 05:00:14'),
(19, '2018-07-06', 0.5, 2.5, 'Foo', '2018-11-15 05:00:14'),
(19, '2018-07-11', -0.5, 2, 'Foo', '2018-11-15 05:00:14'),
(19, '2018-07-12', -5, -3, 'Foo', '2018-11-15 05:00:14'),
(19, '2018-08-01', 6, 3, 'Foo', '2018-11-15 05:00:14'),
(19, '2018-08-16', 0.5, 3.5, 'Foo', '2018-11-15 05:00:14'),
(19, '2018-08-23', 0.5, 4, 'Foo', '2018-11-15 05:00:14'),
(19, '2018-09-06', -0.5, 3.5, 'Foo', '2018-11-15 05:00:14');

-- --------------------------------------------------------

--
-- Table structure for table `task_rotation`
--

DROP TABLE IF EXISTS `task_rotation`;
CREATE TABLE IF NOT EXISTS `task_rotation` (
  `date` date NOT NULL,
  `task` varchar(64) NOT NULL,
  `VK` tinyint(4) NOT NULL,
  `branch_id` tinyint(4) NOT NULL
) ENGINE=InnoDB DEFAULT CHARSET=latin1;

--
-- Truncate table before insert `task_rotation`
--

TRUNCATE TABLE `task_rotation`;
--
-- Dumping data for table `task_rotation`
--

INSERT INTO `task_rotation` (`date`, `task`, `VK`, `branch_id`) VALUES
('2018-10-01', 'Rezeptur', 7, 1),
('2018-10-01', 'Rezeptur', 10, 2),
('2018-10-02', 'Rezeptur', 7, 1),
('2018-10-02', 'Rezeptur', 10, 2),
('2018-10-03', 'Rezeptur', 7, 1),
('2018-10-03', 'Rezeptur', 10, 2),
('2018-10-04', 'Rezeptur', 7, 1),
('2018-10-04', 'Rezeptur', 10, 2),
('2018-10-05', 'Rezeptur', 7, 1),
('2018-10-05', 'Rezeptur', 10, 2),
('2018-10-06', 'Rezeptur', 7, 1),
('2018-10-06', 'Rezeptur', 10, 2),
('2018-10-07', 'Rezeptur', 7, 1),
('2018-10-07', 'Rezeptur', 10, 2),
('2018-10-08', 'Rezeptur', 7, 1),
('2018-10-09', 'Rezeptur', 7, 1),
('2018-10-10', 'Rezeptur', 7, 1),
('2018-10-11', 'Rezeptur', 7, 1),
('2018-10-12', 'Rezeptur', 7, 1),
('2018-10-13', 'Rezeptur', 7, 1),
('2018-10-14', 'Rezeptur', 7, 1),
('2018-10-15', 'Rezeptur', 6, 1),
('2018-10-15', 'Rezeptur', 10, 2),
('2018-10-16', 'Rezeptur', 6, 1),
('2018-10-16', 'Rezeptur', 10, 2),
('2018-10-17', 'Rezeptur', 6, 1),
('2018-10-17', 'Rezeptur', 10, 2),
('2018-10-18', 'Rezeptur', 6, 1),
('2018-10-18', 'Rezeptur', 10, 2),
('2018-10-19', 'Rezeptur', 6, 1),
('2018-10-19', 'Rezeptur', 10, 2),
('2018-10-20', 'Rezeptur', 6, 1),
('2018-10-20', 'Rezeptur', 10, 2),
('2018-10-21', 'Rezeptur', 6, 1),
('2018-10-21', 'Rezeptur', 10, 2),
('2018-10-22', 'Rezeptur', 16, 1),
('2018-10-23', 'Rezeptur', 16, 1),
('2018-10-23', 'Rezeptur', 10, 2),
('2018-10-24', 'Rezeptur', 16, 1),
('2018-10-24', 'Rezeptur', 10, 2),
('2018-10-25', 'Rezeptur', 16, 1),
('2018-10-25', 'Rezeptur', 10, 2),
('2018-10-26', 'Rezeptur', 16, 1),
('2018-10-26', 'Rezeptur', 10, 2),
('2018-10-27', 'Rezeptur', 16, 1),
('2018-10-27', 'Rezeptur', 10, 2),
('2018-10-28', 'Rezeptur', 16, 1),
('2018-10-28', 'Rezeptur', 10, 2),
('2018-10-29', 'Rezeptur', 7, 1),
('2018-10-29', 'Rezeptur', 10, 2),
('2018-10-30', 'Rezeptur', 7, 1),
('2018-10-30', 'Rezeptur', 10, 2),
('2018-10-31', 'Rezeptur', 7, 1),
('2018-10-31', 'Rezeptur', 10, 2);

-- --------------------------------------------------------

--
-- Table structure for table `users`
--

DROP TABLE IF EXISTS `users`;
CREATE TABLE IF NOT EXISTS `users` (
  `employee_id` tinyint(3) unsigned NOT NULL,
  `user_name` varchar(255) COLLATE utf8_unicode_ci NOT NULL,
  `email` varchar(64) COLLATE utf8_unicode_ci DEFAULT NULL,
  `password` varchar(255) COLLATE utf8_unicode_ci NOT NULL,
  `status` set('deleted','blocked','inactive','active') COLLATE utf8_unicode_ci NOT NULL DEFAULT 'inactive',
  `failed_login_attempts` tinyint(3) unsigned NOT NULL DEFAULT '0',
  `failed_login_attempt_time` timestamp NULL DEFAULT NULL,
  `created_at` timestamp NOT NULL DEFAULT CURRENT_TIMESTAMP,
  `updated_at` timestamp NULL DEFAULT NULL
) ENGINE=InnoDB DEFAULT CHARSET=utf8 COLLATE=utf8_unicode_ci;

--
-- Truncate table before insert `users`
--

TRUNCATE TABLE `users`;
--
-- Dumping data for table `users`
--

INSERT INTO `users` (`employee_id`, `user_name`, `email`, `password`, `status`, `failed_login_attempts`, `failed_login_attempt_time`, `created_at`, `updated_at`) VALUES
(5, 'Tester', 'martin', '$2y$10$CuOHXm5WWZM5oxpPjFXtJuG/.NP3nvj9xoAm7Krx234FU6226//ta', 'active', 0, NULL, '2018-11-15 05:00:14', NULL);

-- --------------------------------------------------------

--
-- Table structure for table `users_lost_password_token`
--

DROP TABLE IF EXISTS `users_lost_password_token`;
CREATE TABLE IF NOT EXISTS `users_lost_password_token` (
  `employee_id` tinyint(3) unsigned NOT NULL,
  `token` binary(20) NOT NULL,
  `time_created` timestamp NOT NULL DEFAULT CURRENT_TIMESTAMP
) ENGINE=InnoDB DEFAULT CHARSET=latin1 COLLATE=latin1_german1_ci;

--
-- Truncate table before insert `users_lost_password_token`
--

TRUNCATE TABLE `users_lost_password_token`;
-- --------------------------------------------------------

--
-- Table structure for table `users_privileges`
--

DROP TABLE IF EXISTS `users_privileges`;
CREATE TABLE IF NOT EXISTS `users_privileges` (
  `employee_id` tinyint(3) unsigned NOT NULL,
  `privilege` varchar(32) COLLATE latin1_german1_ci NOT NULL
) ENGINE=InnoDB DEFAULT CHARSET=latin1 COLLATE=latin1_german1_ci;

--
-- Truncate table before insert `users_privileges`
--

TRUNCATE TABLE `users_privileges`;
--
-- Dumping data for table `users_privileges`
--

INSERT INTO `users_privileges` (`employee_id`, `privilege`) VALUES
(5, 'administration'),
(5, 'approve_roster'),
(5, 'create_absence'),
(5, 'create_employee'),
(5, 'create_overtime'),
(5, 'create_roster'),
(5, 'request_own_absence');

--
-- Indexes for dumped tables
--

--
-- Indexes for table `absence`
--
ALTER TABLE `absence`
 ADD PRIMARY KEY (`employee_id`,`start`);

--
-- Indexes for table `approval`
--
ALTER TABLE `approval`
 ADD PRIMARY KEY (`date`,`branch`);

--
-- Indexes for table `branch`
--
ALTER TABLE `branch`
 ADD PRIMARY KEY (`branch_id`);

--
-- Indexes for table `Dienstplan`
--
ALTER TABLE `Dienstplan`
 ADD PRIMARY KEY (`VK`,`Datum`,`Dienstbeginn`);

--
-- Indexes for table `employees`
--
ALTER TABLE `employees`
 ADD PRIMARY KEY (`id`), ADD KEY `pseudo` (`pseudo_id`);

--
-- Indexes for table `employees_backup`
--
ALTER TABLE `employees_backup`
 ADD PRIMARY KEY (`backup_id`);

--
-- Indexes for table `Grundplan`
--
ALTER TABLE `Grundplan`
 ADD PRIMARY KEY (`VK`,`Wochentag`,`Dienstbeginn`,`Mandant`);

--
-- Indexes for table `Grundplan_roll`
--
ALTER TABLE `Grundplan_roll`
 ADD PRIMARY KEY (`VK`,`Wochentag`,`Mandant`);

--
-- Indexes for table `Notdienst`
--
ALTER TABLE `Notdienst`
 ADD PRIMARY KEY (`Datum`);

--
-- Indexes for table `opening_times`
--
ALTER TABLE `opening_times`
 ADD PRIMARY KEY (`weekday`,`start`,`branch_id`);

--
-- Indexes for table `pep`
--
ALTER TABLE `pep`
 ADD PRIMARY KEY (`hash`);

--
-- Indexes for table `pep_month_day`
--
ALTER TABLE `pep_month_day`
 ADD PRIMARY KEY (`day`,`branch`);

--
-- Indexes for table `pep_weekday_time`
--
ALTER TABLE `pep_weekday_time`
 ADD PRIMARY KEY (`Uhrzeit`,`Wochentag`,`Mandant`);

--
-- Indexes for table `pep_year_month`
--
ALTER TABLE `pep_year_month`
 ADD PRIMARY KEY (`month`,`branch`);

--
-- Indexes for table `saturday_rotation`
--
ALTER TABLE `saturday_rotation`
 ADD PRIMARY KEY (`date`,`branch_id`);

--
-- Indexes for table `saturday_rotation_teams`
--
ALTER TABLE `saturday_rotation_teams`
 ADD PRIMARY KEY (`team_id`,`employee_id`,`branch_id`);

--
-- Indexes for table `Sonderöffnungszeiten`
--
ALTER TABLE `Sonderöffnungszeiten`
 ADD PRIMARY KEY (`Datum`);

--
-- Indexes for table `Stunden`
--
ALTER TABLE `Stunden`
 ADD PRIMARY KEY (`VK`,`Datum`);

--
-- Indexes for table `task_rotation`
--
ALTER TABLE `task_rotation`
 ADD PRIMARY KEY (`date`,`task`,`branch_id`);

--
-- Indexes for table `users`
--
ALTER TABLE `users`
 ADD PRIMARY KEY (`employee_id`), ADD UNIQUE KEY `user_name` (`user_name`), ADD UNIQUE KEY `email` (`email`);

--
-- Indexes for table `users_privileges`
--
ALTER TABLE `users_privileges`
 ADD PRIMARY KEY (`employee_id`,`privilege`);

--
-- AUTO_INCREMENT for dumped tables
--

--
-- AUTO_INCREMENT for table `employees`
--
ALTER TABLE `employees`
MODIFY `pseudo_id` int(10) unsigned NOT NULL AUTO_INCREMENT,AUTO_INCREMENT=62;
--
-- AUTO_INCREMENT for table `employees_backup`
--
ALTER TABLE `employees_backup`
MODIFY `backup_id` int(11) NOT NULL AUTO_INCREMENT;
--
-- Constraints for dumped tables
--

--
-- Constraints for table `Dienstplan`
--
ALTER TABLE `Dienstplan`
ADD CONSTRAINT `Dienstplan_ibfk_1` FOREIGN KEY (`VK`) REFERENCES `employees` (`id`);

--
-- Constraints for table `users`
--
ALTER TABLE `users`
ADD CONSTRAINT `users_ibfk_1` FOREIGN KEY (`employee_id`) REFERENCES `employees` (`id`) ON DELETE CASCADE ON UPDATE CASCADE;

/*!40101 SET CHARACTER_SET_CLIENT=@OLD_CHARACTER_SET_CLIENT */;
/*!40101 SET CHARACTER_SET_RESULTS=@OLD_CHARACTER_SET_RESULTS */;
/*!40101 SET COLLATION_CONNECTION=@OLD_COLLATION_CONNECTION */;
